timestamp,gaze_0_x,gaze_0_y,gaze_0_z,gaze_1_x,gaze_1_y,gaze_1_z,gaze_angle_x,gaze_angle_y,pose_Tx,pose_Ty,pose_Tz, pose_Rx, pose_Ry, pose_Rz, AU01_r, AU02_r, AU04_r, AU05_r, AU06_r, AU07_r, AU09_r, AU10_r, AU12_r, AU14_r, AU15_r, AU17_r, AU20_r, AU23_r, AU25_r, AU26_r, AU45_r
0,0,0,0,0,0,0,0,0,0,0,0,0.483,-0.387,0.026,0,0,0.53,0,0,0.09,0.47,1.46,1.05,0.09,0.5,2.56,0.26,1.18,0.58,1.28,0
0.04,0,0,0,0,0,0,0,0,0,0,0,0.492,-0.386,0.03,0,0,0.56,0,0,0.52,0.55,1.72,1.12,0.16,0.34,2.53,0.12,1.04,0.57,1.2,0
0.08,0,0,0,0,0,0,0,0,0,0,0,0.5,-0.37,0.03,0,0,0.58,0,0.03,0.9,0.5,1.92,1.23,0.16,0.18,2.5,0.04,0.92,0.72,1.18,0
0.12,0,0,0,0,0,0,0,0,0,0,0,0.502,-0.348,0.031,0,0,0.62,0,0.06,1.13,0.34,2.06,1.33,0.03,0.23,2.55,0,0.87,0.9,1.24,0
0.16,0,0,0,0,0,0,0,0,0,0,0,0.507,-0.328,0.021,0,0,0.57,0,0.1,1.21,0.31,2.22,1.44,0.03,0.11,2.55,0,0.76,1.17,1.29,0
0.2,0,0,0,0,0,0,0,0,0,0,0,0.503,-0.333,0.035,0,0,1,0,0.19,1.66,0.47,2.37,1.31,0.16,0.33,2.44,0,0.52,0.94,1.17,0
0.24,0,0,0,0,0,0,0,0,0,0,0,0.354,-0.383,0.067,0,0,1.39,0,0.32,1.99,0.7,2.48,1.09,0.21,0.45,2.43,0,0.27,0.78,1.05,0
0.28,0,0,0,0,0,0,0,0,0,0,0,0.353,-0.365,0.056,0,0,1.81,0,0.45,2.3,0.83,2.49,0.88,0.21,0.55,2.5,0,0.09,0.32,0.8,0
0.32,0,0,0,0,0,0,0,0,0,0,0,0.353,-0.343,0.038,0,0,1.7,0,0.43,2.07,0.87,2.36,0.75,0.05,0.33,2.71,0,0.31,0.19,0.73,0
0.36,0,0,0,0,0,0,0,0,0,0,0,0.338,-0.32,0.019,0,0,1.55,0,0.35,1.91,0.85,2.24,0.64,0,0.1,2.76,0,0.59,0,0.66,0
0.4,0,0,0,0,0,0,0,0,0,0,0,0.342,-0.318,0.018,0,0,1.56,0,0.28,1.94,0.75,2.12,0.48,0,0.06,2.85,0.12,0.78,0,0.69,0
0.44,0,0,0,0,0,0,0,0,0,0,0,0.342,-0.294,0.016,0,0,1.51,0,0.27,2.06,0.67,2.03,0.44,0,0.06,2.77,0.26,0.74,0,0.73,0
0.48,0,0,0,0,0,0,0,0,0,0,0,0.339,-0.273,0.018,0,0,1.47,0,0.28,2.25,0.58,1.95,0.42,0,0.06,2.55,0.44,0.55,0,0.8,0
0.52,0,0,0,0,0,0,0,0,0,0,0,0.355,-0.247,0.024,0,0,1.32,0,0.28,2.22,0.53,1.83,0.41,0,0,2.23,0.59,0.39,0.09,1.06,0
0.56,0,0,0,0,0,0,0,0,0,0,0,0.376,-0.228,0.03,0,0,1.25,0,0.28,2.41,0.44,1.67,0.37,0,0,1.98,0.68,0.3,0.09,1.18,0
0.6,0,0,0,0,0,0,0,0,0,0,0,0.36,-0.216,0.027,0,0,1.19,0,0.24,2.54,0.37,1.46,0.33,0,0,1.89,0.74,0.32,0.09,1.25,0
0.64,0,0,0,0,0,0,0,0,0,0,0,0.361,-0.216,0.028,0,0,1.18,0,0.24,2.75,0.37,1.26,0.35,0,0,2.03,0.54,0.48,0,0.9,0
0.68,0,0,0,0,0,0,0,0,0,0,0,0.35,-0.201,0.024,0,0,1.15,0,0.24,2.6,0.33,1.04,0.36,0,0.12,2.19,0.5,0.6,0,0.77,0
0.72,0,0,0,0,0,0,0,0,0,0,0,0.371,-0.186,0.026,0,0,1.28,0,0.25,2.63,0.23,0.97,0.38,0,0.12,2.2,0.26,0.57,0.1,1.26,0
0.76,0,0,0,0,0,0,0,0,0,0,0,0.391,-0.182,0.039,0,0,1.39,0,0.26,2.69,0.1,0.98,0.43,0,0.12,2.13,0.2,0.33,0.15,1.85,0
0.8,0,0,0,0,0,0,0,0,0,0,0,0.39,-0.179,0.05,0,0,1.54,0,0.28,2.79,0.02,0.96,0.5,0,0,2.07,0.1,0.25,0.15,2.03,0
0.84,0,0,0,0,0,0,0,0,0,0,0,0.352,-0.173,0.051,0,0,1.51,0,0.28,2.81,0.02,0.81,0.58,0,0,2.25,0.25,0.34,0.05,1.71,0
0.88,0,0,0,0,0,0,0,0,0,0,0,0.357,-0.174,0.054,0,0,1.45,0,0.22,2.64,0.03,0.54,0.65,0,0,2.3,0.51,0.49,0.04,1.38,0
0.92,0,0,0,0,0,0,0,0,0,0,0,0.337,-0.171,0.052,0,0,1.36,0,0.19,2.49,0.03,0.3,0.74,0,0,2.43,0.97,0.42,0.33,1.48,0
0.96,0,0,0,0,0,0,0,0,0,0,0,0.326,-0.159,0.05,0,0,1.25,0,0.18,2.18,0.1,0.07,0.82,0.06,0,2.26,1.44,0.33,1.12,1.23,0
1,0,0,0,0,0,0,0,0,0,0,0,0.311,-0.165,0.05,0,0,1.31,0,0.18,2.08,0.21,0,0.84,0.11,0,2.12,1.87,0.17,1.95,1.15,0
1.04,0,0,0,0,0,0,0,0,0,0,0,0.294,-0.168,0.051,0,0,1.36,0,0.09,1.73,0.21,0,0.8,0.11,0,1.94,1.7,0.08,2.2,1.42,0.11
1.08,0,0,0,0,0,0,0,0,0,0,0,0.284,-0.165,0.047,0,0,1.44,0,0.04,1.46,0.14,0.03,0.74,0.05,0,1.99,1.55,0,1.9,1.88,0.25
1.12,0,0,0,0,0,0,0,0,0,0,0,0.284,-0.163,0.048,0,0,1.48,0,0.09,1.2,0.02,0.14,0.64,0,0,1.87,1.28,0,1.82,2.73,0.37
1.16,0,0,0,0,0,0,0,0,0,0,0,0.279,-0.163,0.043,0,0,1.58,0,0.17,1.49,0.08,0.32,0.62,0,0,1.66,1.31,0,1.99,2.8,0.35
1.2,0,0,0,0,0,0,0,0,0,0,0,0.273,-0.152,0.037,0,0,1.54,0,0.19,1.82,0.13,0.29,0.77,0,0,1.9,1.62,0,2.01,2.35,0.33
1.24,0,0,0,0,0,0,0,0,0,0,0,0.239,-0.143,0.025,0,0,1.42,0,0.1,1.92,0.24,0.18,0.89,0,0,2.22,1.91,0,2.01,1.41,0.27
1.28,0,0,0,0,0,0,0,0,0,0,0,0.234,-0.137,0.015,0,0,1.34,0,0.06,1.76,0.18,0,0.86,0,0,2.54,2.33,0,2.32,1.89,0.26
1.32,0,0,0,0,0,0,0,0,0,0,0,0.271,-0.141,0.005,0,0,1.49,0,0.11,1.61,0.11,0,0.68,0,0,2.45,2.12,0,2.62,2.8,0.24
1.36,0,0,0,0,0,0,0,0,0,0,0,0.266,-0.14,0,0,0,1.56,0,0.19,1.69,0,0,0.55,0,0,2.31,1.74,0,2.61,3.82,0.26
1.4,0,0,0,0,0,0,0,0,0,0,0,0.271,-0.136,-0.011,0,0,1.53,0,0.17,1.81,0,0,0.64,0,0,2.33,1.28,0,2.04,3.32,0.23
1.44,0,0,0,0,0,0,0,0,0,0,0,0.23,-0.141,-0.017,0,0,1.33,0,0.1,1.79,0.12,0.19,0.54,0.12,0.06,1.5,0.71,0,1.23,2.07,0.16
1.48,0,0,0,0,0,0,0,0,0,0,0,0.238,-0.155,-0.03,0,0,1.2,0,0.02,1.65,0.41,0.35,0.48,0.12,0.06,0.79,0.39,0,0.44,0.83,0.07
1.52,0,0,0,0,0,0,0,0,0,0,0,0.245,-0.183,-0.039,0,0,1.2,0,0,1.45,0.69,0.43,0.31,0.12,0.06,0,0,0,0.16,0,0
1.56,0,0,0,0,0,0,0,0,0,0,0,0.26,-0.21,-0.046,0,0,1.2,0,0,1.32,0.87,0.33,0.3,0,0,0,0,0,0.32,0,0
1.6,0,0,0,0,0,0,0,0,0,0,0,0.257,-0.215,-0.044,0,0,1.25,0,0,1.24,0.84,0.35,0.22,0,0,0,0,0,0.63,0,0
1.64,0,0,0,0,0,0,0,0,0,0,0,0.265,-0.228,-0.056,0,0,1.2,0,0,1.18,0.83,0.4,0.15,0,0,0,0,0,0.77,0,0
1.68,0,0,0,0,0,0,0,0,0,0,0,0.266,-0.252,-0.058,0,0,1.27,0,0,1.18,0.74,0.41,0.07,0,0,0,0,0,0.96,0,0
1.72,0,0,0,0,0,0,0,0,0,0,0,0.264,-0.264,-0.062,0,0,1.21,0,0,1.16,0.48,0.22,0.19,0,0,0.31,0,0,1.64,0.41,0
1.76,0,0,0,0,0,0,0,0,0,0,0,0.267,-0.278,-0.057,0,0,1.17,0,0,1.08,0.28,0.1,0.4,0,0,1,0.4,0,2.2,0.65,0
1.8,0,0,0,0,0,0,0,0,0,0,0,0.264,-0.28,-0.055,0,0,1.1,0,0,0.98,0.06,0,0.62,0,0,1.75,0.75,0,2.53,0.98,0
1.84,0,0,0,0,0,0,0,0,0,0,0,0.266,-0.281,-0.054,0,0,1.05,0,0,0.88,0.06,0,0.7,0,0,2.22,1.7,0,2.49,0.68,0
1.88,0,0,0,0,0,0,0,0,0,0,0,0.264,-0.274,-0.059,0,0,1.06,0,0,0.86,0,0,0.7,0,0,2.31,2.08,0,2.71,0.63,0
1.92,0,0,0,0,0,0,0,0,0,0,0,0.257,-0.267,-0.068,0,0,0.97,0,0,0.81,0,0,0.7,0,0,2.45,2.51,0,2.94,0.35,0
1.96,0,0,0,0,0,0,0,0,0,0,0,0.254,-0.257,-0.074,0,0,0.89,0,0,0.81,0.02,0,0.62,0,0,2.44,2.42,0,2.87,0.24,0
2,0,0,0,0,0,0,0,0,0,0,0,0.251,-0.246,-0.081,0,0,0.82,0,0,0.89,0.09,0,0.6,0,0,2.46,2.61,0,2.64,0.14,0
2.04,0,0,0,0,0,0,0,0,0,0,0,0.254,-0.235,-0.082,0,0,0.87,0,0,1,0.14,0,0.54,0,0,2.38,2.68,0,2.52,0.22,0
2.08,0,0,0,0,0,0,0,0,0,0,0,0.257,-0.232,-0.084,0,0,0.95,0,0,1.2,0.18,0,0.54,0,0,2.22,2.63,0,2.54,0.44,0.41
2.12,0,0,0,0,0,0,0,0,0,0,0,0.242,-0.214,-0.086,0,0,1,0,0,1.04,0.15,0,0.51,0,0,2.19,2.14,0,1.99,0.74,1.16
2.16,0,0,0,0,0,0,0,0,0,0,0,0.25,-0.21,-0.086,0,0,1.13,0,0,1.2,0.13,0,0.46,0,0,1.96,1.3,0,1.26,1.3,1.51
2.2,0,0,0,0,0,0,0,0,0,0,0,0.265,-0.201,-0.083,0,0,1.16,0,0,1.25,0.07,0,0.38,0,0,1.78,0.79,0,0.46,1.95,1.1
2.24,0,0,0,0,0,0,0,0,0,0,0,0.278,-0.195,-0.081,0,0,1.22,0,0.03,1.56,0.03,0.04,0.35,0,0,1.45,0.51,0,0.27,2.4,0.72
2.28,0,0,0,0,0,0,0,0,0,0,0,0.267,-0.196,-0.087,0,0,1.25,0,0.09,1.63,0.01,0.14,0.38,0,0,1.25,0.64,0,0.23,2.48,0.82
2.32,0,0,0,0,0,0,0,0,0,0,0,0.262,-0.191,-0.093,0,0,1.23,0,0.09,1.45,0.01,0.27,0.44,0,0.02,1.18,0.73,0,0.24,2.4,1.47
2.36,0,0,0,0,0,0,0,0,0,0,0,0.266,-0.191,-0.098,0,0,1.28,0,0.11,1.54,0.01,0.4,0.44,0,0.14,1,0.94,0,0.44,2.25,1.87
2.4,0,0,0,0,0,0,0,0,0,0,0,0.268,-0.209,-0.099,0,0,1.22,0,0.08,1.49,0,0.45,0.4,0,0.14,0.87,1.22,0,0.88,2.22,1.87
2.44,0,0,0,0,0,0,0,0,0,0,0,0.266,-0.211,-0.107,0,0,1.18,0,0.08,1.58,0,0.39,0.39,0,0.12,0.87,1.02,0,0.76,2.08,1.41
2.48,0,0,0,0,0,0,0,0,0,0,0,0.233,-0.211,-0.125,0,0,0.87,0,0.04,1.33,0,0.21,0.4,0,0,1.15,0.78,0,0.45,1.92,0.83
2.52,0,0,0,0,0,0,0,0,0,0,0,0.22,-0.204,-0.145,0,0,0.62,0,0,1.17,0,0.07,0.44,0,0,1.54,0.65,0,0.01,1.72,0.59
2.56,0,0,0,0,0,0,0,0,0,0,0,0.227,-0.205,-0.146,0,0,0.42,0,0,1.01,0,0,0.5,0,0,1.83,0.51,0,0,1.59,0.59
2.6,0,0,0,0,0,0,0,0,0,0,0,0.214,-0.206,-0.161,0,0,0.27,0,0,0.77,0,0,0.5,0,0,1.85,0.33,0,0,1.74,0.45
2.64,0,0,0,0,0,0,0,0,0,0,0,0.21,-0.206,-0.173,0,0,0.11,0,0,0.46,0,0,0.49,0,0,1.85,0.16,0,0,1.76,0.28
2.68,0,0,0,0,0,0,0,0,0,0,0,0.195,-0.198,-0.183,0,0,0,0,0,0.29,0,0,0.51,0,0,1.85,0.26,0,0,1.85,0.16
2.72,0,0,0,0,0,0,0,0,0,0,0,0.184,-0.178,-0.197,0.47,0,0,0.25,0,0.25,0,0,0.66,0,0,2.01,0.26,0,0,1.96,0.14
2.76,0,0,0,0,0,0,0,0,0,0,0,0.176,-0.131,-0.193,0.86,0,0,0.38,0,0.38,0,0,0.63,0,0,1.38,0.18,0,0.14,1.47,0.22
2.8,0,0,0,0,0,0,0,0,0,0,0,0.192,-0.138,-0.171,1.61,0.2,0,0.51,0,0.44,0,0,0.49,0,0,0.73,0.02,0,0.2,0.88,0.29
2.84,0,0,0,0,0,0,0,0,0,0,0,0.155,-0.114,-0.156,2.1,0.62,0,0.38,0,0.52,0,0,0.3,0,0,0.04,0.02,0,0.24,0.08,0.35
2.88,0,0,0,0,0,0,0,0,0,0,0,0.144,-0.093,-0.144,2.62,1.04,0,0.42,0,0.48,0,0,0.33,0,0,0.04,0,0,0.24,0,0.23
2.92,0,0,0,0,0,0,0,0,0,0,0,0.142,-0.08,-0.137,2.8,1.31,0,0.48,0,0.55,0,0,0.39,0,0,0.04,0,0,0.26,0,0.09
2.96,0,0,0,0,0,0,0,0,0,0,0,0.15,-0.066,-0.129,2.79,1.43,0,0.57,0,0.6,0,0,0.44,0,0,0,0,0,0.28,0,0
3,0,0,0,0,0,0,0,0,0,0,0,0.16,-0.037,-0.12,2.84,1.56,0,0.65,0,0.68,0,0,0.46,0,0,0,0,0,0.25,0,0.02
3.04,0,0,0,0,0,0,0,0,0,0,0,0.157,-0.037,-0.119,2.81,1.47,0,0.76,0,0.88,0,0,0.53,0.07,0,0,0,0,0.47,0.49,0.02
3.08,0,0,0,0,0,0,0,0,0,0,0,0.171,-0.002,-0.106,2.66,1.35,0,0.87,0,0.99,0,0,0.49,0.2,0,0,0,0,1.04,1.2,0.02
3.12,0,0,0,0,0,0,0,0,0,0,0,0.193,0.035,-0.105,2.39,1.17,0,0.85,0,1.15,0,0,0.4,0.32,0,0,0,0,1.42,1.93,0
3.16,0,0,0,0,0,0,0,0,0,0,0,0.195,0.069,-0.1,2.21,1.08,0,0.81,0,1.18,0,0,0.26,0.28,0,0.02,0,0,1.46,2.18,0
3.2,0,0,0,0,0,0,0,0,0,0,0,0.199,0.093,-0.098,2.21,1.07,0,0.92,0,1.28,0,0,0.23,0.15,0.06,0.12,0,0,1.02,2.04,0
3.24,0,0,0,0,0,0,0,0,0,0,0,0.202,0.109,-0.094,2.32,1.11,0,1.09,0,1.31,0,0,0.26,0.03,0.16,0.18,0,0,0.77,1.84,0
3.28,0,0,0,0,0,0,0,0,0,0,0,0.205,0.111,-0.095,2.37,1.23,0,1.19,0,1.2,0,0,0.3,0,0.16,0.17,0,0,0.66,1.61,0
3.32,0,0,0,0,0,0,0,0,0,0,0,0.213,0.116,-0.091,2.4,1.25,0,1.1,0,1.2,0,0,0.32,0,0.09,0.08,0,0,0.62,1.49,0
3.36,0,0,0,0,0,0,0,0,0,0,0,0.218,0.117,-0.09,2.38,1.29,0,0.85,0,1.2,0,0,0.38,0,0,0.16,0,0,0.44,1.5,0
3.4,0,0,0,0,0,0,0,0,0,0,0,0.213,0.104,-0.083,2.43,1.28,0,0.75,0,1.3,0,0,0.44,0,0,0.3,0,0,0.31,1.58,0
3.44,0,0,0,0,0,0,0,0,0,0,0,0.21,0.089,-0.082,2.39,1.09,0,0.72,0,1.41,0,0,0.48,0.03,0,0.46,0,0,0.32,1.87,0
3.48,0,0,0,0,0,0,0,0,0,0,0,0.203,0.069,-0.077,2.41,0.98,0,0.95,0,1.49,0,0,0.49,0.05,0,0.46,0,0,0.44,2.11,0
3.52,0,0,0,0,0,0,0,0,0,0,0,0.209,0.072,-0.077,2.44,0.97,0,1.14,0,1.52,0,0,0.46,0.05,0,0.4,0,0,0.39,2.23,0
3.56,0,0,0,0,0,0,0,0,0,0,0,0.188,0.055,-0.072,2.55,1.07,0,1.24,0,1.39,0,0,0.39,0.02,0,0.31,0,0,0.22,2.06,0
3.6,0,0,0,0,0,0,0,0,0,0,0,0.154,0.052,-0.074,2.75,1.14,0,1.4,0,1.26,0,0,0.37,0,0,0.15,0,0,0.1,1.91,0
3.64,0,0,0,0,0,0,0,0,0,0,0,0.143,0.037,-0.07,2.9,1.22,0,1.43,0,1.21,0,0,0.39,0,0,0.07,0,0,0.12,1.92,0
3.68,0,0,0,0,0,0,0,0,0,0,0,0.126,0.03,-0.07,3.03,1.39,0,1.61,0,1.15,0,0,0.51,0.01,0,0,0,0,0.57,2.28,0
3.72,0,0,0,0,0,0,0,0,0,0,0,0.131,0.037,-0.075,3.07,1.54,0,1.59,0,1.07,0,0,0.57,0.01,0,0,0,0,0.97,2.62,0
3.76,0,0,0,0,0,0,0,0,0,0,0,0.136,0.04,-0.077,3.12,1.63,0,1.61,0,0.98,0,0,0.63,0.02,0,0,0,0,1.48,2.67,0
3.8,0,0,0,0,0,0,0,0,0,0,0,0.144,0.037,-0.074,3.06,1.64,0,1.48,0,0.87,0,0.04,0.63,0,0,0,0,0,1.55,2.25,0
3.84,0,0,0,0,0,0,0,0,0,0,0,0.136,0.045,-0.07,2.92,1.55,0,1.38,0,0.83,0,0.06,0.62,0,0,0,0,0,1.68,1.97,0
3.88,0,0,0,0,0,0,0,0,0,0,0,0.142,0.047,-0.067,2.77,1.44,0,1.31,0,0.61,0,0.06,0.63,0,0,0,0,0,1.64,1.8,0
3.92,0,0,0,0,0,0,0,0,0,0,0,0.146,0.035,-0.064,2.81,1.47,0,1.26,0,0.56,0,0.02,0.64,0,0,0,0,0,1.52,1.73,0
3.96,0,0,0,0,0,0,0,0,0,0,0,0.139,0.015,-0.063,2.94,1.62,0,1.26,0,0.46,0,0,0.67,0,0,0,0,0,1.37,1.44,0
4,0,0,0,0,0,0,0,0,0,0,0,0.136,0.02,-0.066,3.05,1.75,0,1.31,0,0.57,0,0,0.72,0,0,0,0,0,1.03,1.23,0
4.04,0,0,0,0,0,0,0,0,0,0,0,0.148,-0.011,-0.065,3.13,1.77,0,1.39,0,0.64,0,0,0.83,0,0,0,0,0,0.89,1.06,0
4.08,0,0,0,0,0,0,0,0,0,0,0,0.167,-0.032,-0.066,3.15,1.73,0,1.23,0,0.87,0,0,0.94,0,0,0,0,0,0.6,0.81,0
4.12,0,0,0,0,0,0,0,0,0,0,0,0.172,-0.047,-0.07,3.15,1.63,0,1.01,0,1.07,0,0,1.11,0,0.16,0.3,0,0,0.48,0.64,0
4.16,0,0,0,0,0,0,0,0,0,0,0,0.185,-0.071,-0.075,2.96,1.42,0,0.73,0,1.19,0,0,1.23,0,0.16,0.56,0,0,0.21,0.37,0
4.2,0,0,0,0,0,0,0,0,0,0,0,0.198,-0.1,-0.081,2.89,1.35,0,0.66,0,1.08,0.01,0,1.26,0,0.16,0.64,0,0,0.07,0.21,0
4.24,0,0,0,0,0,0,0,0,0,0,0,0.19,-0.081,-0.106,2.83,1.3,0,0.64,0,0.98,0.01,0.02,1.21,0,0.02,0.47,0,0,0.07,0.01,0
4.28,0,0,0,0,0,0,0,0,0,0,0,0.199,-0.092,-0.113,2.93,1.3,0,0.43,0,1.23,0.05,0.14,1.24,0,0.02,0.38,0,0,0.21,0.07,0.1
4.32,0,0,0,0,0,0,0,0,0,0,0,0.211,-0.098,-0.112,2.97,1.22,0,0.36,0,1.24,0.04,0.38,1.36,0,0.06,0.56,0,0,0.37,0.14,1.02
4.36,0,0,0,0,0,0,0,0,0,0,0,0.208,-0.084,-0.116,2.83,0.94,0,0.12,0,1.66,0.09,0.74,1.46,0,0.09,0.7,0,0,0.36,0.22,1.51
4.4,0,0,0,0,0,0,0,0,0,0,0,0.225,-0.071,-0.124,2.6,0.55,0,0.12,0,1.75,0.05,0.9,1.5,0.04,0.09,0.84,0,0,0.22,0.33,1.44
4.44,0,0,0,0,0,0,0,0,0,0,0,0.242,-0.067,-0.129,2.35,0.19,0,0,0,2.16,0.06,0.87,1.5,0.04,0.11,0.76,0,0,0.06,0.37,0.57
4.48,0,0,0,0,0,0,0,0,0,0,0,0.244,-0.055,-0.137,2.31,0.18,0,0,0,1.99,0.01,0.77,1.47,0.08,0.06,0.6,0,0,0.04,0.62,0.08
4.52,0,0,0,0,0,0,0,0,0,0,0,0.252,-0.049,-0.142,2.31,0.33,0,0.16,0.01,2.1,0.01,0.75,1.54,0.19,0.06,0.3,0,0,0.2,1.08,0.05
4.56,0,0,0,0,0,0,0,0,0,0,0,0.274,-0.022,-0.139,2.32,0.5,0,0.25,0.08,2.11,0,0.81,1.59,0.35,0,0.12,0,0,0.35,1.84,0
4.6,0,0,0,0,0,0,0,0,0,0,0,0.292,0,-0.137,2.29,0.64,0,0.37,0.08,2.2,0,0.77,1.63,0.36,0,0,0,0,0.41,2.27,0
4.64,0,0,0,0,0,0,0,0,0,0,0,0.276,0.016,-0.134,2.26,0.68,0,0.37,0.07,2,0,0.64,1.55,0.22,0,0,0,0,0.24,2.28,0
4.68,0,0,0,0,0,0,0,0,0,0,0,0.273,0.022,-0.134,2.18,0.61,0,0.41,0,1.87,0,0.56,1.55,0.06,0,0,0,0,0.09,2.11,0
4.72,0,0,0,0,0,0,0,0,0,0,0,0.267,0.024,-0.133,2.17,0.6,0,0.5,0,1.87,0,0.43,1.52,0,0,0,0,0,0,2.04,0
4.76,0,0,0,0,0,0,0,0,0,0,0,0.261,0.035,-0.132,2.14,0.65,0,0.51,0,2,0,0.34,1.48,0,0,0,0,0,0,2.02,0
4.8,0,0,0,0,0,0,0,0,0,0,0,0.259,0.035,-0.129,2.13,0.73,0,0.64,0,2.08,0,0.13,1.42,0,0,0.04,0,0,0,1.75,0
4.84,0,0,0,0,0,0,0,0,0,0,0,0.256,0.041,-0.122,2.04,0.71,0,0.67,0,2.07,0,0.04,1.41,0,0,0.09,0,0.05,0,1.32,0
4.88,0,0,0,0,0,0,0,0,0,0,0,0.252,0.044,-0.117,1.99,0.74,0,0.85,0,1.91,0,0,1.45,0,0,0.23,0,0.05,0,0.96,0
4.92,0,0,0,0,0,0,0,0,0,0,0,0.245,0.041,-0.114,2.05,0.86,0,0.96,0,1.74,0,0,1.46,0,0,0.37,0,0.08,0,0.9,0
4.96,0,0,0,0,0,0,0,0,0,0,0,0.249,0.036,-0.108,1.95,0.91,0,0.72,0,1.91,0,0,1.46,0.04,0.04,0.65,0,0.13,0,0.84,0
5,0,0,0,0,0,0,0,0,0,0,0,0.241,0.043,-0.105,2.11,1.19,0,0.58,0,1.97,0,0,1.51,0.27,0.18,0.91,0,0.13,0,0.72,0.79
5.04,0,0,0,0,0,0,0,0,0,0,0,0.237,0.047,-0.103,2.03,1.33,0.01,0.29,0,2.36,0,0,1.54,0.48,0.37,1.08,0,0.1,0,0.52,1.52
5.08,0,0,0,0,0,0,0,0,0,0,0,0.249,0.051,-0.099,2.13,1.49,0.05,0.29,0,2.5,0,0,1.54,0.61,0.5,1.3,0,0.01,0,0.43,1.66
5.12,0,0,0,0,0,0,0,0,0,0,0,0.24,0.053,-0.089,1.92,1.37,0.08,0.08,0,2.7,0,0,1.49,0.54,0.4,1.44,0,0.01,0,0.47,0.93
5.16,0,0,0,0,0,0,0,0,0,0,0,0.235,0.064,-0.082,1.86,1.3,0.11,0,0,2.6,0,0,1.45,0.44,0.42,1.62,0,0.01,0,0.31,0.28
5.2,0,0,0,0,0,0,0,0,0,0,0,0.239,0.058,-0.078,1.9,1.31,0.07,0.03,0,2.3,0,0,1.42,0.38,0.37,1.5,0,0.04,0,0.31,0.18
5.24,0,0,0,0,0,0,0,0,0,0,0,0.222,0.067,-0.07,1.95,1.48,0.04,0.03,0,2.17,0,0,1.38,0.62,0.44,1.17,0,0.04,0,0.21,0.19
5.28,0,0,0,0,0,0,0,0,0,0,0,0.228,0.079,-0.063,1.96,1.61,0,0.03,0,2.02,0,0,1.34,1.04,0.32,0.75,0,0.04,0,0.34,0.23
5.32,0,0,0,0,0,0,0,0,0,0,0,0.221,0.087,-0.056,1.88,1.73,0,0,0,2.01,0,0,1.33,1.52,0.23,0.31,0,0,0,0.5,0.34
5.36,0,0,0,0,0,0,0,0,0,0,0,0.206,0.082,-0.05,1.93,1.77,0,0,0,1.88,0,0,1.33,1.56,0.16,0.1,0,0,0,0.77,0.47
5.4,0,0,0,0,0,0,0,0,0,0,0,0.193,0.087,-0.042,2,1.87,0,0,0,1.85,0,0,1.34,1.42,0.11,0,0,0,0,0.95,0.45
5.44,0,0,0,0,0,0,0,0,0,0,0,0.205,0.081,-0.038,2.09,1.96,0,0,0,1.75,0,0,1.39,1.26,0.09,0,0,0,0,1.2,0.39
5.48,0,0,0,0,0,0,0,0,0,0,0,0.176,0.075,-0.031,2.1,1.9,0,0,0.03,1.71,0,0,1.47,1.24,0.08,0,0,0,0.27,1.38,0.3
5.52,0,0,0,0,0,0,0,0,0,0,0,0.149,0.082,-0.017,2.09,1.83,0,0,0.07,1.66,0,0,1.53,1.28,0.08,0,0,0,0.66,1.65,0.42
5.56,0,0,0,0,0,0,0,0,0,0,0,0.134,0.081,-0.006,2.06,1.79,0,0.01,0.14,1.59,0,0,1.59,1.19,0.07,0,0,0,1.17,1.85,0.55
5.6,0,0,0,0,0,0,0,0,0,0,0,0.13,0.082,0.007,2,1.7,0,0.01,0.21,1.6,0,0,1.61,1.13,0.05,0,0,0,1.49,1.94,0.65
5.64,0,0,0,0,0,0,0,0,0,0,0,0.124,0.083,0.012,1.92,1.56,0,0.01,0.26,1.64,0,0,1.67,1.04,0,0,0,0,1.71,2.03,0.6
5.68,0,0,0,0,0,0,0,0,0,0,0,0.128,0.079,0.017,1.85,1.51,0,0.01,0.32,1.76,0,0,1.72,1.04,0,0,0,0,1.88,1.99,0.58
5.72,0,0,0,0,0,0,0,0,0,0,0,0.122,0.078,0.024,1.72,1.47,0,0,0.42,1.88,0,0,1.73,1.03,0,0,0,0,2.19,2.09,0.54
5.76,0,0,0,0,0,0,0,0,0,0,0,0.116,0.072,0.037,1.66,1.45,0,0.05,0.5,1.86,0,0,1.72,1.13,0,0,0,0,2.45,2.21,0.44
5.8,0,0,0,0,0,0,0,0,0,0,0,0.111,0.063,0.048,1.57,1.19,0,0.05,0.57,1.79,0,0,1.73,1.27,0,0,0,0,2.84,2.35,0.44
5.84,0,0,0,0,0,0,0,0,0,0,0,0.11,0.05,0.059,1.55,1.05,0,0.05,0.58,1.62,0,0,1.79,1.36,0,0,0,0,3.05,2.11,0.36
5.88,0,0,0,0,0,0,0,0,0,0,0,0.091,0.037,0.07,1.49,0.97,0,0.01,0.63,1.56,0,0,1.94,1.34,0,0,0,0,3.36,2.03,0.28
5.92,0,0,0,0,0,0,0,0,0,0,0,0.089,0.028,0.077,1.41,0.98,0,0.05,0.66,1.55,0,0,2.04,1.39,0,0,0,0,3.63,1.81,0.18
5.96,0,0,0,0,0,0,0,0,0,0,0,0.09,0.013,0.077,1.48,1.04,0,0.09,0.65,1.51,0,0,2.12,1.16,0,0,0,0,3.8,2.18,0.24
6,0,0,0,0,0,0,0,0,0,0,0,0.09,-0.008,0.079,1.59,1.05,0,0.18,0.59,1.33,0,0,2.14,0.78,0,0.04,0,0,3.77,2.29,0.27
6.04,0,0,0,0,0,0,0,0,0,0,0,0.102,-0.041,0.086,1.79,1.1,0,0.14,0.48,1.22,0,0,2.2,0.51,0,0.06,0,0,3.8,2.7,0.3
6.08,0,0,0,0,0,0,0,0,0,0,0,0.115,-0.084,0.089,2.15,1.32,0,0.09,0.33,0.99,0,0,2.19,0.55,0,0.06,0,0,3.86,2.4,0.26
6.12,0,0,0,0,0,0,0,0,0,0,0,0.12,-0.135,0.09,2.36,1.43,0,0,0.17,0.95,0,0,2.17,0.78,0.03,0.02,0,0,4.03,2.15,0.22
6.16,0,0,0,0,0,0,0,0,0,0,0,0.117,-0.142,0.093,2.8,1.61,0,0.01,0.05,0.77,0,0,2.1,0.54,0.59,0,0,0,3.58,1.46,0.12
6.2,0,0,0,0,0,0,0,0,0,0,0,0.125,-0.217,0.097,2.84,1.3,0,0.17,0,0.63,0,0,2.33,0.28,0.59,0,0.06,0,3.92,1.43,0.03
6.24,0,0,0,0,0,0,0,0,0,0,0,0.157,-0.332,0.123,2.71,0.89,0,0.24,0,0.56,0,0,2.47,0,0.56,0.42,0.06,0,3.57,1.75,0.13
6.28,0,0,0,0,0,0,0,0,0,0,0,0.159,-0.493,0.154,2.26,0.47,0.15,0.23,0.09,0.47,0.09,0,2.56,0.16,0.14,0.86,0.22,0,3.49,2.06,1
6.32,0,0,0,0,0,0,0,0,0,0,0,0.171,-0.55,0.187,1.83,0.19,0.31,0.07,0.2,0.56,0.1,0,2.35,0.26,0.48,1.68,0.48,0,2.66,2.15,1.74
6.36,0,0,0,0,0,0,0,0,0,0,0,0.165,-0.539,0.197,1.63,0.14,0.48,0,0.32,0.58,0.14,0,2.25,0.3,0.9,2.16,1.07,0,2.52,2.04,2.41
6.4,0,0,0,0,0,0,0,0,0,0,0,0.174,-0.54,0.207,1.56,0,0.47,0,0.39,0.89,0.05,0,2.31,0.24,0.92,2.53,1.1,0,2.37,2.21,2.07
6.44,0,0,0,0,0,0,0,0,0,0,0,0.17,-0.523,0.211,1.7,0,0.37,0,0.41,0.7,0.04,0,2.53,0.21,0.65,2.69,0.91,0,2.79,2.7,2.17
6.48,0,0,0,0,0,0,0,0,0,0,0,0.178,-0.483,0.225,1.93,0,0.43,0,0.45,0.6,0,0,2.7,0.17,0.23,2.42,0.31,0,3.03,2.99,2.27
6.52,0,0,0,0,0,0,0,0,0,0,0,0.224,-0.451,0.243,2.01,0,0.54,0,0.52,0.66,0,0,2.96,0.08,0.08,2.17,0.5,0,4.01,2.75,2.29
6.56,0,0,0,0,0,0,0,0,0,0,0,0.267,-0.444,0.249,2.07,0,0.64,0,0.56,1.21,0,0,3.05,0.06,0,1.58,0.57,0,4.22,1.87,1.76
6.6,0,0,0,0,0,0,0,0,0,0,0,0.268,-0.444,0.236,2.1,0,0.56,0,0.56,1.64,0,0,3.22,0.06,0,1.47,1.12,0,4.74,1.15,1.19
6.64,0,0,0,0,0,0,0,0,0,0,0,0.266,-0.448,0.235,2.25,0,0.39,0,0.39,1.74,0,0,3.14,0.06,0.6,1.37,1.83,0,4.74,0.86,0.89
6.68,0,0,0,0,0,0,0,0,0,0,0,0.262,-0.425,0.21,2.39,0.07,0.22,0,0.23,1.7,0.06,0.04,2.93,0,0.61,0.99,1.64,0,3.61,0.62,0.71
6.72,0,0,0,0,0,0,0,0,0,0,0,0.249,-0.411,0.186,2.62,0.4,0.07,0,0.07,1.85,0.07,0.06,2.63,0,0.67,0.45,1.09,0,2.19,0.27,0.41
6.76,0,0,0,0,0,0,0,0,0,0,0,0.249,-0.4,0.168,2.75,0.72,0,0,0,1.82,0.09,0.19,2.36,0,0.07,0,0,0,0.69,0,0.16
6.8,0,0,0,0,0,0,0,0,0,0,0,0.257,-0.382,0.156,2.76,0.99,0,0,0.02,1.9,0.04,0.29,2.32,0.03,0.18,0,0,0,0.71,0.03,0.01
6.84,0,0,0,0,0,0,0,0,0,0,0,0.265,-0.374,0.148,2.71,0.95,0,0,0.03,1.82,0.03,0.42,2.3,0.07,0.15,0,0,0,0.78,0.03,0
6.88,0,0,0,0,0,0,0,0,0,0,0,0.264,-0.379,0.149,2.72,0.84,0,0,0.12,1.86,0.05,0.34,2.31,0.2,0.15,0,0,0,0.81,0.04,0
6.92,0,0,0,0,0,0,0,0,0,0,0,0.273,-0.357,0.139,2.74,0.67,0,0.09,0.25,1.8,0.05,0.2,2.26,0.17,1.51,0.34,0.27,0,1.44,0.33,0
6.96,0,0,0,0,0,0,0,0,0,0,0,0.276,-0.355,0.137,2.68,0.55,0,0.09,0.37,1.72,0.05,0.05,2.47,0.27,1.49,0.97,0.55,0,2.29,0.99,0
0,0,0,0,0,0,0,0,0,0,0,0,0.289,-0.346,0.14,2.63,0.54,0,0.1,0.45,1.8,0,0,2.66,0.13,1.49,1.47,0.55,0,2.67,2.09,0
7.04,0,0,0,0,0,0,0,0,0,0,0,0.283,-0.341,0.139,2.62,0.66,0,0.01,0.41,1.82,0,0,2.95,0.13,0,2.06,0.72,0,2.1,2.33,0
7.08,0,0,0,0,0,0,0,0,0,0,0,0.261,-0.325,0.13,2.64,0.79,0,0.02,0.39,1.75,0,0,2.99,0,0,2.26,0.89,0,1.38,2.31,0
7.12,0,0,0,0,0,0,0,0,0,0,0,0.26,-0.324,0.129,2.72,0.82,0,0.01,0.24,1.55,0,0,3.04,0,0,2.84,1.41,0,0.95,1.56,0
7.16,0,0,0,0,0,0,0,0,0,0,0,0.239,-0.327,0.128,2.69,0.74,0,0.01,0.17,1.57,0,0,3,0,0,2.9,1.48,0,0.85,1.33,0
7.2,0,0,0,0,0,0,0,0,0,0,0,0.238,-0.326,0.13,2.6,0.64,0,0.03,0.09,1.68,0,0,3.02,0,0,2.99,1.91,0,1.01,0.86,0
7.24,0,0,0,0,0,0,0,0,0,0,0,0.241,-0.326,0.132,2.51,0.64,0,0.18,0.11,1.8,0,0,3.04,0.27,0,2.55,2.11,0,1.71,0.56,0
7.28,0,0,0,0,0,0,0,0,0,0,0,0.264,-0.331,0.143,2.53,0.7,0,0.34,0.16,1.88,0,0,3.11,0.53,0.1,2.11,2.77,0,2.67,0.24,0
7.32,0,0,0,0,0,0,0,0,0,0,0,0.27,-0.322,0.144,2.66,0.8,0,0.48,0.19,1.97,0,0,3.12,0.81,0.23,1.72,3.09,0,3.47,0.06,0
7.36,0,0,0,0,0,0,0,0,0,0,0,0.27,-0.323,0.143,2.78,0.97,0,0.43,0.16,2.04,0,0,2.94,0.87,0.27,1.1,2.37,0,2.64,0,0
7.4,0,0,0,0,0,0,0,0,0,0,0,0.244,-0.278,0.134,2.81,1.19,0,0.32,0.11,2.13,0,0,2.77,0.98,0.29,0.54,1.2,0,1.36,0,0
7.44,0,0,0,0,0,0,0,0,0,0,0,0.228,-0.233,0.131,2.76,1.33,0,0.14,0.05,2.02,0,0,2.57,1.11,0.21,0,0,0,0.01,0,0
7.48,0,0,0,0,0,0,0,0,0,0,0,0.192,-0.182,0.122,2.75,1.58,0,0.1,0.04,1.83,0,0,2.55,1.11,0.16,0,0,0,0,0,0
7.52,0,0,0,0,0,0,0,0,0,0,0,0.17,-0.129,0.116,3.03,1.97,0,0.13,0.01,1.54,0,0,2.38,1.16,0.04,0,0,0,0,0,0
7.56,0,0,0,0,0,0,0,0,0,0,0,0.135,-0.104,0.115,3.3,2.3,0,0.22,0.01,1.43,0,0,2.26,1.14,0,0,0,0,0,0,0
7.6,0,0,0,0,0,0,0,0,0,0,0,0.137,-0.106,0.117,3.47,2.52,0,0.18,0,1.37,0,0,2.1,1.11,0,0,0,0,0,0,0
7.64,0,0,0,0,0,0,0,0,0,0,0,0.104,-0.103,0.124,3.34,2.47,0,0.26,0,1.29,0,0,1.89,1.02,0,0,0,0,0,0,0
7.68,0,0,0,0,0,0,0,0,0,0,0,0.091,-0.129,0.127,3.26,2.5,0,0.36,0,1.22,0,0,1.67,0.95,0.03,0.24,0,0,0,0,0
7.72,0,0,0,0,0,0,0,0,0,0,0,0.077,-0.166,0.129,3.14,2.31,0,0.5,0,1.22,0,0,1.49,0.98,0.11,0.62,0,0,0,0,0
7.76,0,0,0,0,0,0,0,0,0,0,0,0.077,-0.195,0.126,3.12,2.16,0,0.57,0,1.18,0.01,0,1.5,0.91,0.22,1.03,0,0.02,0,0,0
7.8,0,0,0,0,0,0,0,0,0,0,0,0.089,-0.206,0.12,3.05,1.94,0,0.55,0,1.15,0.04,0,1.5,0.84,0.29,1.18,0,0.03,0,0,0
7.84,0,0,0,0,0,0,0,0,0,0,0,0.092,-0.206,0.12,3.11,1.92,0,0.56,0,1.35,0.04,0,1.53,0.83,0.26,1.23,0,0.08,0,0,0
7.88,0,0,0,0,0,0,0,0,0,0,0,0.105,-0.214,0.117,3.03,1.76,0,0.45,0,1.52,0.03,0,1.54,0.87,0.15,1.28,0,0.1,0,0,0
7.92,0,0,0,0,0,0,0,0,0,0,0,0.112,-0.219,0.118,2.82,1.57,0,0.46,0,1.65,0,0,1.64,0.91,0.12,1.24,0,0.24,0,0.05,0
7.96,0,0,0,0,0,0,0,0,0,0,0,0.13,-0.228,0.13,2.37,1.18,0,0.35,0.05,1.66,0,0,2.07,0.64,0.08,1.55,0,0.19,0.1,0.81,0
8,0,0,0,0,0,0,0,0,0,0,0,0.126,-0.258,0.15,1.79,0.66,0,0.23,0.13,1.62,0,0,2.38,0.35,0.08,1.77,0.27,0.15,0.68,1.95,0
8.04,0,0,0,0,0,0,0,0,0,0,0,0.214,-0.32,0.181,1.41,0.27,0,0.14,0.27,1.64,0,0,2.63,0.05,0,1.93,0.5,0,1.26,3.02,0
8.08,0,0,0,0,0,0,0,0,0,0,0,0.232,-0.336,0.17,1.29,0,0,0.12,0.37,1.53,0,0,2.61,0,0,1.67,0.72,0,1.97,3.08,0
8.12,0,0,0,0,0,0,0,0,0,0,0,0.251,-0.411,0.188,1.35,0,0,0.12,0.47,1.45,0,0.04,2.75,0,0,1.5,0.48,0,2.12,2.55,0
8.16,0,0,0,0,0,0,0,0,0,0,0,0.261,-0.445,0.193,1.37,0,0.08,0.05,0.49,1.51,0,0.19,2.88,0,0,1.54,0.25,0,2.36,2.05,0
8.2,0,0,0,0,0,0,0,0,0,0,0,0.267,-0.436,0.182,1.28,0,0.08,0.1,0.5,1.56,0,0.25,3,0,0,1.54,0.03,0,2.23,1.97,0
8.24,0,0,0,0,0,0,0,0,0,0,0,0.248,-0.382,0.161,1.35,0,0.08,0.15,0.52,1.58,0,0.2,3.1,0,0,1.63,0,0,2.05,1.94,0
8.28,0,0,0,0,0,0,0,0,0,0,0,0.214,-0.308,0.138,1.45,0,0,0.27,0.57,1.38,0,0.06,3.18,0.01,0,1.6,0,0,1.99,2.24,0
8.32,0,0,0,0,0,0,0,0,0,0,0,0.216,-0.296,0.128,1.7,0.25,0,0.31,0.61,1.21,0,0,3.25,0.25,0,1.86,0.43,0,2.33,2.17,0
8.36,0,0,0,0,0,0,0,0,0,0,0,0.182,-0.226,0.132,1.91,0.59,0,0.26,0.55,1.07,0,0.15,3.23,0.91,0.24,1.27,0.43,0,2.01,1.59,0.14
8.4,0,0,0,0,0,0,0,0,0,0,0,0.183,-0.211,0.162,2.1,0.96,0,0.13,0.44,0.93,0,0.15,3.17,1.39,0.5,0.72,0.43,0,1.44,0.66,1.14
8.44,0,0,0,0,0,0,0,0,0,0,0,0.186,-0.245,0.181,2.02,0.71,0,0.05,0.41,0.78,0,0.26,3.11,1.2,0.5,0.44,0.34,0,0.53,0.06,1.85
8.48,0,0,0,0,0,0,0,0,0,0,0,0.203,-0.322,0.2,1.8,0.38,0,0.05,0.45,1.04,0.13,0.43,3.04,0.61,0.26,0.73,0.56,0,0.59,0.06,2.12
8.52,0,0,0,0,0,0,0,0,0,0,0,0.201,-0.384,0.2,1.55,0,0,0.05,0.51,1.36,0.23,0.7,2.96,0.22,0,0.99,0.65,0,0.64,0.06,1.51
8.56,0,0,0,0,0,0,0,0,0,0,0,0.199,-0.383,0.188,1.45,0,0,0,0.53,1.67,0.23,0.74,2.83,0.23,0.27,0.76,0.31,0,0.87,0.02,1.02
8.6,0,0,0,0,0,0,0,0,0,0,0,0.188,-0.401,0.177,1.49,0,0,0,0.5,1.59,0.1,0.56,2.77,0.23,0.27,0.64,0.1,0,0.83,0.2,0.81
8.64,0,0,0,0,0,0,0,0,0,0,0,0.172,-0.37,0.151,1.5,0,0,0,0.5,1.41,0,0.29,2.75,0.13,0.33,0.62,0.08,0,0.89,0.58,0.58
8.68,0,0,0,0,0,0,0,0,0,0,0,0.155,-0.333,0.13,1.48,0,0,0,0.5,1.24,0,0.13,2.77,0.08,0.05,0.59,0.07,0,0.62,1.01,0.65
8.72,0,0,0,0,0,0,0,0,0,0,0,0.151,-0.305,0.125,1.43,0,0,0,0.51,1,0,0,2.7,0,0.05,0.66,0.06,0,0.37,1.22,0.64
8.76,0,0,0,0,0,0,0,0,0,0,0,0.156,-0.312,0.123,1.43,0,0,0,0.47,0.86,0,0,2.65,0,0,0.6,0.01,0,0.09,1.28,0.66
8.8,0,0,0,0,0,0,0,0,0,0,0,0.157,-0.309,0.122,1.45,0,0,0,0.33,0.65,0.03,0.07,2.53,0.09,0,0.54,0.09,0,0.12,0.84,0.5
8.84,0,0,0,0,0,0,0,0,0,0,0,0.145,-0.35,0.128,1.32,0,0,0,0.18,0.66,0.1,0.24,2.44,0.19,0,0.61,0.14,0,0.2,0.45,0.5
8.88,0,0,0,0,0,0,0,0,0,0,0,0.143,-0.411,0.125,1.06,0.03,0,0,0.04,0.48,0.14,0.32,2.22,0.19,0.23,0.69,0.13,0,0.27,0.02,0.33
8.92,0,0,0,0,0,0,0,0,0,0,0,0.14,-0.457,0.122,0.63,0.03,0,0,0,0.44,0.25,0.34,1.94,0.14,0.43,1.03,0.05,0,0.37,0.19,0.21
8.96,0,0,0,0,0,0,0,0,0,0,0,0.157,-0.486,0.132,0.28,0.03,0,0,0,0.5,0.41,0.29,1.63,0.05,0.85,0.97,0,0,0.79,0.69,0.08
9,0,0,0,0,0,0,0,0,0,0,0,0.17,-0.499,0.135,0.07,0,0,0,0.03,0.66,0.61,0.38,1.43,0.05,1.03,0.98,0,0,1.24,1.16,0.12
9.04,0,0,0,0,0,0,0,0,0,0,0,0.17,-0.497,0.135,0,0,0,0,0.03,0.71,0.75,0.33,1.38,0,1.33,0.51,0,0,1.33,1.23,0.48
9.08,0,0,0,0,0,0,0,0,0,0,0,0.136,-0.435,0.105,0,0,0,0,0.13,0.9,0.68,0.22,1.56,0.04,0.91,0.47,0,0,0.83,1.22,0.84
9.12,0,0,0,0,0,0,0,0,0,0,0,0.103,-0.343,0.066,0,0,0,0,0.34,1.16,0.52,0.04,1.81,0.33,0.5,0.73,0,0,0.31,1.65,1.03
9.16,0,0,0,0,0,0,0,0,0,0,0,0.104,-0.263,0.052,0,0,0,0,0.54,1.43,0.24,0,2.1,0.5,0,1.46,0,0,0,2.27,1.29
9.2,0,0,0,0,0,0,0,0,0,0,0,0.115,-0.206,0.083,0,0,0,0,0.58,1.37,0.08,0,2.25,0.46,0,1.92,0,0,0,2.5,1.29
9.24,0,0,0,0,0,0,0,0,0,0,0,0.128,-0.223,0.106,0,0,0,0,0.46,1.31,0.02,0,2.32,0.26,0,1.97,0,0,0,2.04,1.47
9.28,0,0,0,0,0,0,0,0,0,0,0,0.144,-0.227,0.117,0,0,0,0,0.39,1.19,0.05,0,2.26,0.09,0,1.57,0,0,0,1.56,1.08
9.32,0,0,0,0,0,0,0,0,0,0,0,0.155,-0.282,0.123,0,0,0,0,0.41,1.29,0.21,0.06,2.14,0.09,0.14,0.91,0,0,0.26,1.22,0.95
9.36,0,0,0,0,0,0,0,0,0,0,0,0.159,-0.29,0.109,0,0,0,0,0.48,1.3,0.31,0.26,2.05,0,0.2,0.38,0,0,0.57,1.22,0.74
9.4,0,0,0,0,0,0,0,0,0,0,0,0.178,-0.282,0.104,0,0,0,0,0.56,1.35,0.36,0.44,2.07,0.15,0.52,0.08,0,0,0.85,1.31,0.86
9.44,0,0,0,0,0,0,0,0,0,0,0,0.192,-0.257,0.109,0,0,0,0,0.62,1.17,0.28,0.53,2.26,0.25,0.67,0.28,0.04,0,0.79,1.16,0.84
9.48,0,0,0,0,0,0,0,0,0,0,0,0.168,-0.233,0.144,0.04,0,0,0,0.67,1.13,0.25,0.47,2.43,0.34,0.78,0.41,0.15,0,0.62,0.88,0.77
9.52,0,0,0,0,0,0,0,0,0,0,0,0.166,-0.238,0.153,0.04,0,0,0,0.75,1.14,0.24,0.4,2.62,0.38,0.68,0.61,0.34,0,0.58,0.39,0.45
9.56,0,0,0,0,0,0,0,0,0,0,0,0.18,-0.234,0.171,0.04,0,0,0,0.77,1.11,0.28,0.58,2.71,0.49,0.69,0.84,0.44,0,0.4,0.25,0.82
9.6,0,0,0,0,0,0,0,0,0,0,0,0.178,-0.257,0.176,0.03,0,0,0,0.74,0.87,0.33,0.85,2.76,0.66,0.77,1.04,0.34,0,0.25,0.31,1.55
9.64,0,0,0,0,0,0,0,0,0,0,0,0.195,-0.256,0.163,0.03,0,0,0,0.76,1.03,0.39,0.98,2.77,0.75,0.69,1.22,0.3,0,0.01,0.49,1.91
9.68,0,0,0,0,0,0,0,0,0,0,0,0.189,-0.222,0.169,0.03,0,0,0,0.74,1.13,0.27,0.75,2.7,0.8,0.39,1.26,0.34,0,0,0.69,1.96
9.72,0,0,0,0,0,0,0,0,0,0,0,0.192,-0.201,0.195,0.01,0,0,0,0.75,1.43,0.13,0.48,2.63,0.79,0.26,1.31,0.67,0,0,0.68,1.71
9.76,0,0,0,0,0,0,0,0,0,0,0,0.192,-0.206,0.202,0.02,0,0,0,0.52,0.93,0,0.35,2.55,0.91,0.11,1.64,0.88,0,0,0.86,2.43
9.8,0,0,0,0,0,0,0,0,0,0,0,0.203,-0.194,0.206,0.02,0,0,0,0.46,0.82,0,0.39,2.56,1.07,0.11,1.97,1.11,0,0,0.94,2.49
9.84,0,0,0,0,0,0,0,0,0,0,0,0.21,-0.184,0.218,0.01,0,0,0,0.43,0.89,0,0.35,2.52,1.01,0,2.35,0.96,0.01,0,1,2.29
9.88,0,0,0,0,0,0,0,0,0,0,0,0.221,-0.179,0.228,0,0,0,0,0.56,1.39,0,0.31,2.5,0.65,0,2.26,0.99,0.01,0,0.87,1.32
9.92,0,0,0,0,0,0,0,0,0,0,0,0.244,-0.169,0.236,0,0,0,0,0.6,1.55,0,0.34,2.47,0.23,0,1.89,1.03,0.01,0,0.85,0.58
9.96,0,0,0,0,0,0,0,0,0,0,0,0.253,-0.167,0.24,0,0,0,0,0.61,1.59,0,0.39,2.51,0.04,0,1.52,1.26,0,0,0.94,0.15
10,0,0,0,0,0,0,0,0,0,0,0,0.253,-0.166,0.241,0,0,0,0,0.63,1.57,0,0.42,2.46,0.13,0,1.3,1.44,0,0.15,1.32,0.06
10.04,0,0,0,0,0,0,0,0,0,0,0,0.252,-0.151,0.241,0,0,0,0,0.68,1.62,0,0.43,2.44,0.27,0.07,1.19,1.39,0,0.35,1.63,0.09
10.08,0,0,0,0,0,0,0,0,0,0,0,0.272,-0.126,0.238,0,0,0,0,0.72,1.65,0,0.44,2.44,0.56,0.16,0.8,1.26,0,0.65,1.83,0.14
10.12,0,0,0,0,0,0,0,0,0,0,0,0.27,-0.115,0.229,0,0,0,0,0.74,1.56,0,0.44,2.52,0.72,0.32,0.56,0.94,0,0.58,1.61,0.1
10.16,0,0,0,0,0,0,0,0,0,0,0,0.254,-0.114,0.221,0,0,0,0,0.73,1.44,0,0.41,2.6,0.88,0.45,0.39,0.84,0,0.42,1.31,0.12
10.2,0,0,0,0,0,0,0,0,0,0,0,0.252,-0.111,0.214,0,0,0,0,0.75,1.42,0,0.39,2.67,0.83,0.56,0.45,0.88,0,0.12,1.06,0.07
10.24,0,0,0,0,0,0,0,0,0,0,0,0.25,-0.112,0.213,0,0,0,0,0.75,1.47,0,0.39,2.74,0.88,0.5,0.4,0.95,0,0.04,0.95,0.1
10.28,0,0,0,0,0,0,0,0,0,0,0,0.254,-0.11,0.207,0,0,0,0,0.77,1.65,0,0.39,2.76,0.91,0.42,0.4,0.98,0,0,0.85,0.07
10.32,0,0,0,0,0,0,0,0,0,0,0,0.26,-0.106,0.203,0,0,0,0,0.8,1.79,0,0.43,2.8,1.01,0.36,0.49,0.97,0,0,0.86,0.07
10.36,0,0,0,0,0,0,0,0,0,0,0,0.264,-0.104,0.2,0,0,0,0,0.83,1.98,0,0.54,2.83,0.96,0.42,0.57,0.87,0,0,0.84,0.02
10.4,0,0,0,0,0,0,0,0,0,0,0,0.269,-0.099,0.198,0,0,0,0,0.88,2.09,0,0.65,2.9,0.96,0.43,0.62,0.74,0,0.02,0.85,0.4
10.44,0,0,0,0,0,0,0,0,0,0,0,0.272,-0.095,0.19,0,0,0,0,0.89,2.08,0,0.68,2.93,0.93,0.4,0.57,0.56,0,0.03,0.74,0.81
10.48,0,0,0,0,0,0,0,0,0,0,0,0.273,-0.096,0.189,0,0,0,0,0.98,1.82,0,0.74,2.94,0.9,0.3,0.58,0.58,0,0.03,0.78,1.51
10.52,0,0,0,0,0,0,0,0,0,0,0,0.279,-0.082,0.183,0,0,0,0,0.96,1.7,0,0.71,2.95,0.92,0.21,0.64,0.53,0,0.01,0.96,1.72
10.56,0,0,0,0,0,0,0,0,0,0,0,0.292,-0.062,0.179,0,0,0,0,0.9,1.59,0,0.62,2.92,1,0.16,0.75,0.4,0,0,1.19,1.88
10.6,0,0,0,0,0,0,0,0,0,0,0,0.292,-0.04,0.17,0.07,0.13,0,0,0.71,1.8,0,0.36,2.72,1.31,0.14,0.75,0.17,0,0,1.08,1.96
10.64,0,0,0,0,0,0,0,0,0,0,0,0.291,0,0.16,0.07,0.23,0,0,0.54,1.62,0,0.17,2.36,1.5,0.12,0.68,0.01,0,0,0.64,2.13
10.68,0,0,0,0,0,0,0,0,0,0,0,0.268,0.035,0.151,0.07,0.3,0,0,0.45,1.46,0,0.06,2.06,1.7,0.11,0.58,0,0,0,0.19,2.32
10.72,0,0,0,0,0,0,0,0,0,0,0,0.27,0.031,0.153,0,0.26,0,0,0.44,1.07,0,0.07,1.83,1.56,0.07,0.46,0,0,0,0,2.41
10.76,0,0,0,0,0,0,0,0,0,0,0,0.273,0.104,0.145,0,0.16,0,0,0.5,1.05,0,0.09,1.77,1.27,0.05,0.44,0,0,0.14,0,2.45
10.8,0,0,0,0,0,0,0,0,0,0,0,0.264,0.154,0.148,0,0.28,0,0,0.52,0.76,0.02,0.15,1.71,0.92,0,0.43,0,0,0.37,0,2.32
10.84,0,0,0,0,0,0,0,0,0,0,0,0.243,0.198,0.147,0.03,0.54,0,0,0.52,0.61,0.06,0.31,1.75,0.71,0,0.47,0,0.07,0.66,0,1.96
10.88,0,0,0,0,0,0,0,0,0,0,0,0.23,0.222,0.148,0.03,0.79,0,0,0.45,0.29,0.16,0.46,1.72,0.62,0,0.42,0,0.07,0.92,0,1.55
10.92,0,0,0,0,0,0,0,0,0,0,0,0.227,0.249,0.148,0.03,0.88,0,0,0.38,0.26,0.24,0.55,1.68,0.54,0,0.29,0,0.1,1.08,0,1.34
10.96,0,0,0,0,0,0,0,0,0,0,0,0.226,0.25,0.149,0,0.71,0,0,0.32,0.19,0.34,0.61,1.66,0.5,0,0.2,0,0.06,1.21,0,1.35
11,0,0,0,0,0,0,0,0,0,0,0,0.224,0.265,0.149,0,0.51,0,0,0.29,0.16,0.37,0.66,1.72,0.67,0,0.17,0,0.09,1.06,0,1.52
11.04,0,0,0,0,0,0,0,0,0,0,0,0.229,0.277,0.156,0,0.25,0,0,0.3,0.17,0.37,0.66,1.78,0.83,0.09,0.11,0,0.14,0.91,0,1.67
11.08,0,0,0,0,0,0,0,0,0,0,0,0.218,0.269,0.157,0,0.06,0.03,0,0.44,0.35,0.28,0.74,1.79,0.78,0.11,0.1,0,0.15,1.05,0,1.46
11.12,0,0,0,0,0,0,0,0,0,0,0,0.196,0.275,0.164,0,0.01,0.03,0,0.65,0.57,0.15,0.8,1.76,0.6,0.11,0.04,0,0.12,1.66,0.1,1.11
11.16,0,0,0,0,0,0,0,0,0,0,0,0.191,0.292,0.17,0,0,0.04,0,0.8,0.77,0.06,0.9,1.7,0.38,0.01,0.04,0,0.05,2.27,0.26,0.85
11.2,0,0,0,0,0,0,0,0,0,0,0,0.197,0.303,0.167,0,0.02,0.09,0,0.86,0.84,0,0.84,1.71,0.37,0,0,0,0,2.65,0.34,0.89
11.24,0,0,0,0,0,0,0,0,0,0,0,0.178,0.318,0.176,0,0.02,0.21,0,0.87,0.85,0,0.97,1.72,0.27,0,0,0,0,2.95,0.36,1
11.28,0,0,0,0,0,0,0,0,0,0,0,0.16,0.341,0.19,0,0.11,0.34,0,0.95,0.82,0,1.12,1.76,0.23,0,0,0,0,3.39,0.39,1.42
11.32,0,0,0,0,0,0,0,0,0,0,0,0.152,0.362,0.204,0,0.29,0.39,0,0.93,0.56,0,1.31,1.79,0.12,0.04,0,0,0,3.75,0.43,2.14
11.36,0,0,0,0,0,0,0,0,0,0,0,0.138,0.338,0.221,0,0.29,0.39,0,0.87,0.48,0,1.06,1.63,0.13,0.04,0,0,0,3.84,0.5,2.87
11.4,0,0,0,0,0,0,0,0,0,0,0,0.117,0.312,0.242,0,0.21,0.36,0,0.78,0.48,0,0.82,1.49,0.16,0.04,0,0,0,3.83,0.67,3.23
11.44,0,0,0,0,0,0,0,0,0,0,0,0.123,0.317,0.241,0,0,0.27,0,0.72,0.75,0,0.41,1.27,0.14,0,0,0,0,3.72,0.89,2.75
11.48,0,0,0,0,0,0,0,0,0,0,0,0.109,0.26,0.257,0,0,0.17,0,0.58,1.13,0,0.23,1.3,0.15,0,0.07,0.01,0.08,3.09,0.75,1.85
11.52,0,0,0,0,0,0,0,0,0,0,0,0.075,0.202,0.267,0.14,0,0.05,0,0.39,1.41,0,0.03,1.26,0.19,0,0.44,0.02,0.54,1.8,0.41,0.76
11.56,0,0,0,0,0,0,0,0,0,0,0,0.027,0.156,0.273,0.23,0,0,0,0.3,1.75,0,0,1.31,0.25,0,0.88,0.06,0.96,0.62,0.05,0.17
11.6,0,0,0,0,0,0,0,0,0,0,0,0.023,0.142,0.275,0.32,0,0,0,0.36,1.66,0,0,1.34,0.32,0,1.36,0.05,1.11,0,0,0
11.64,0,0,0,0,0,0,0,0,0,0,0,0.044,0.113,0.27,0.28,0,0,0,0.45,1.59,0,0,1.39,0.35,0,1.37,0.06,0.67,0,0,0.02
11.68,0,0,0,0,0,0,0,0,0,0,0,0.062,0.133,0.251,0.35,0,0,0,0.49,1.44,0,0,1.52,0.28,0,1.53,0.02,0.25,0,0,0.02
11.72,0,0,0,0,0,0,0,0,0,0,0,0.089,0.096,0.253,0.38,0,0,0,0.46,1.57,0,0.05,1.63,0.19,0,1.74,0.02,0.14,0,0,0.02
11.76,0,0,0,0,0,0,0,0,0,0,0,0.114,0.082,0.246,0.33,0,0,0,0.4,1.62,0,0.14,1.75,0.07,0,2.14,0.04,0.24,0,0,0
11.8,0,0,0,0,0,0,0,0,0,0,0,0.127,0.077,0.241,0.17,0,0,0,0.41,1.67,0,0.2,1.81,0.07,0,2.26,0.27,0.27,0,0,0
11.84,0,0,0,0,0,0,0,0,0,0,0,0.154,0.075,0.237,0.05,0,0,0,0.36,1.56,0,0.23,1.89,0.03,0,2.24,0.61,0.15,0,0,0
11.88,0,0,0,0,0,0,0,0,0,0,0,0.189,0.063,0.23,0.01,0,0,0,0.32,1.55,0,0.13,2,0,0,2.07,0.75,0.03,0,0.14,0
11.92,0,0,0,0,0,0,0,0,0,0,0,0.182,0.08,0.216,0.01,0,0,0,0.28,1.56,0,0.07,2.07,0,0,2.18,0.75,0,0,0.18,0
11.96,0,0,0,0,0,0,0,0,0,0,0,0.21,0.061,0.208,0.02,0,0,0,0.28,1.57,0,0,2.18,0,0,2.13,0.7,0,0,0.29,0
12,0,0,0,0,0,0,0,0,0,0,0,0.212,0.083,0.193,0.05,0,0,0,0.39,1.61,0,0,2.34,0.06,0,2.24,0.7,0,0,0.31,0
12.04,0,0,0,0,0,0,0,0,0,0,0,0.205,0.112,0.179,0.07,0,0,0,0.5,1.64,0,0.11,2.54,0.17,0,1.99,0.57,0,0,0.58,0
12.08,0,0,0,0,0,0,0,0,0,0,0,0.207,0.13,0.17,0.14,0,0,0,0.6,1.73,0,0.2,2.66,0.31,0,1.91,0.41,0,0,0.78,0
12.12,0,0,0,0,0,0,0,0,0,0,0,0.214,0.13,0.17,0.27,0,0,0,0.62,1.71,0,0.25,2.69,0.52,0,1.53,0.36,0.01,0.17,0.76,0
12.16,0,0,0,0,0,0,0,0,0,0,0,0.213,0.14,0.163,0.37,0,0,0,0.58,1.68,0,0.2,2.59,0.65,0,1.36,0.25,0.01,0.55,0.98,0
12.2,0,0,0,0,0,0,0,0,0,0,0,0.228,0.136,0.163,0.39,0,0,0,0.51,1.71,0,0.11,2.22,0.65,0,1.2,0.43,0.01,0.98,1.56,0
12.24,0,0,0,0,0,0,0,0,0,0,0,0.235,0.123,0.172,0.36,0,0,0,0.36,1.81,0,0.06,1.74,0.37,0,1.43,0.62,0,1.08,2.37,0
12.28,0,0,0,0,0,0,0,0,0,0,0,0.235,0.105,0.178,0.42,0,0,0,0.19,1.79,0,0,1.44,0.13,0,1.66,0.97,0,0.71,2.59,0
12.32,0,0,0,0,0,0,0,0,0,0,0,0.21,0.079,0.175,0.61,0,0,0,0.05,1.67,0,0,1.43,0,0,1.93,0.73,0,0.28,2,0
12.36,0,0,0,0,0,0,0,0,0,0,0,0.218,0.069,0.167,0.74,0,0,0,0.01,1.63,0,0,1.57,0,0,2.07,0.57,0,0,1.54,0
12.4,0,0,0,0,0,0,0,0,0,0,0,0.222,0.074,0.162,0.9,0,0,0,0,1.69,0,0,1.63,0.11,0,2.07,0.21,0,0,1.07,0
12.44,0,0,0,0,0,0,0,0,0,0,0,0.243,0.092,0.148,0.9,0,0,0,0.02,1.72,0,0,1.63,0.48,0,1.56,0.14,0,0,0.99,0
12.48,0,0,0,0,0,0,0,0,0,0,0,0.258,0.125,0.138,0.93,0,0,0,0.06,1.71,0,0,1.71,0.89,0,0.93,0,0,0.16,0.81,0
12.52,0,0,0,0,0,0,0,0,0,0,0,0.265,0.154,0.132,0.81,0,0,0,0.13,1.63,0,0,1.82,1.18,0,0.41,0,0,0.27,0.79,0
12.56,0,0,0,0,0,0,0,0,0,0,0,0.266,0.156,0.129,0.75,0,0,0,0.25,1.66,0,0,2,1.24,0.07,0.29,0,0,0.39,0.81,0
12.6,0,0,0,0,0,0,0,0,0,0,0,0.258,0.162,0.129,0.76,0,0,0,0.32,1.68,0,0,2.13,1.28,0.13,0.27,0,0,0.35,0.76,0
12.64,0,0,0,0,0,0,0,0,0,0,0,0.258,0.161,0.129,0.83,0,0,0,0.42,1.71,0,0,2.21,1.3,0.13,0.18,0,0,0.54,0.71,0
12.68,0,0,0,0,0,0,0,0,0,0,0,0.255,0.16,0.128,0.84,0,0,0,0.48,1.66,0,0.02,2.33,1.31,0.06,0.11,0,0,0.58,0.57,0
12.72,0,0,0,0,0,0,0,0,0,0,0,0.259,0.168,0.124,0.79,0,0,0,0.69,1.87,0,0.12,2.49,1.34,0,0.06,0,0,0.56,0.43,0.45
12.76,0,0,0,0,0,0,0,0,0,0,0,0.252,0.168,0.126,0.7,0,0,0,0.75,1.62,0,0.2,2.62,1.47,0.02,0.04,0,0,0.45,0.24,1.73
12.8,0,0,0,0,0,0,0,0,0,0,0,0.234,0.166,0.123,0.54,0,0.01,0,0.79,1.42,0,0.25,2.59,1.55,0.07,0.04,0,0,0.72,0.33,2.84
12.84,0,0,0,0,0,0,0,0,0,0,0,0.229,0.171,0.115,0.39,0,0.01,0,0.71,0.91,0,0.24,2.52,1.61,0.12,0.02,0,0,1.02,0.38,3.52
12.88,0,0,0,0,0,0,0,0,0,0,0,0.229,0.171,0.114,0.19,0,0.01,0,0.76,1,0,0.27,2.4,1.66,0.13,0,0,0,1.29,0.49,3.39
12.92,0,0,0,0,0,0,0,0,0,0,0,0.212,0.177,0.112,0.1,0,0,0,0.8,1.02,0,0.38,2.31,1.79,0.08,0,0,0,1.34,0.3,3.47
12.96,0,0,0,0,0,0,0,0,0,0,0,0.177,0.196,0.108,0.01,0,0,0,0.79,1.15,0,0.34,2.15,1.71,0.03,0,0,0,1.36,0.14,3.55
13,0,0,0,0,0,0,0,0,0,0,0,0.148,0.235,0.119,0,0,0,0,0.75,1.23,0,0.23,2.08,1.23,0,0,0,0,1.39,0,3.49
13.04,0,0,0,0,0,0,0,0,0,0,0,0.109,0.26,0.151,0,0,0,0,0.73,1.58,0,0.05,2.05,0.66,0,0,0,0,1.49,0,3.36
13.08,0,0,0,0,0,0,0,0,0,0,0,0.088,0.286,0.163,0,0,0,0,0.75,1.79,0,0,2.09,0.22,0,0,0,0,1.71,0,3.15
13.12,0,0,0,0,0,0,0,0,0,0,0,0.092,0.283,0.167,0,0,0,0,0.78,2.03,0.09,0,2.03,0.09,0.05,0,0,0,1.76,0,2.94
13.16,0,0,0,0,0,0,0,0,0,0,0,0.078,0.312,0.171,0,0,0,0,0.7,2.07,0.22,0,1.87,0.02,0.05,0,0,0,1.77,0,2.91
13.2,0,0,0,0,0,0,0,0,0,0,0,0.065,0.341,0.175,0,0,0,0,0.56,2.27,0.4,0,1.66,0,0.15,0,0,0,1.7,0.01,2.9
13.24,0,0,0,0,0,0,0,0,0,0,0,0.055,0.367,0.178,0,0,0,0,0.44,2.44,0.53,0.02,1.49,0,0.22,0,0,0,1.63,0.03,3
13.28,0,0,0,0,0,0,0,0,0,0,0,0.042,0.371,0.185,0,0,0,0,0.34,2.41,0.66,0.02,1.36,0,0.3,0,0,0,1.42,0.03,2.96
13.32,0,0,0,0,0,0,0,0,0,0,0,0.024,0.369,0.196,0,0,0,0,0.33,2.28,0.74,0.02,1.27,0,0.32,0,0,0,1.24,0.03,2.94
13.36,0,0,0,0,0,0,0,0,0,0,0,0.023,0.37,0.199,0,0,0,0,0.21,2.1,0.8,0,1.18,0.13,0.33,0,0,0.17,0.86,0,3
13.4,0,0,0,0,0,0,0,0,0,0,0,0.012,0.344,0.204,0,0,0,0,0.14,2.25,0.72,0,1.11,0.28,0.31,0.07,0,0.46,0.48,0,3.06
13.44,0,0,0,0,0,0,0,0,0,0,0,0.005,0.329,0.21,0,0,0,0,0.06,2.24,0.61,0,1.04,0.46,0.27,0.16,0,0.79,0.09,0,2.65
13.48,0,0,0,0,0,0,0,0,0,0,0,-0.009,0.325,0.215,0.01,0,0,0,0.05,2.08,0.38,0,1.02,0.59,0.27,0.4,0,1.06,0,0,1.61
13.52,0,0,0,0,0,0,0,0,0,0,0,-0.026,0.315,0.22,0.09,0,0,0,0.03,1.3,0.23,0,1.05,0.71,0.31,0.56,0,1.22,0,0,0.56
13.56,0,0,0,0,0,0,0,0,0,0,0,-0.039,0.31,0.233,0.17,0,0,0,0,0.78,0.07,0,1.08,0.79,0.32,0.72,0,1.34,0,0,0
13.6,0,0,0,0,0,0,0,0,0,0,0,-0.038,0.308,0.238,0.36,0,0,0,0,0.24,0,0,1.1,0.81,0.31,0.74,0,1.33,0,0,0
13.64,0,0,0,0,0,0,0,0,0,0,0,-0.062,0.304,0.246,0.56,0,0,0,0,0.25,0,0,1.1,0.79,0.31,0.81,0,1.32,0,0,0
13.68,0,0,0,0,0,0,0,0,0,0,0,-0.07,0.304,0.258,0.76,0,0,0,0,0.11,0.01,0,1.1,0.77,0.33,0.88,0,1.33,0,0,0
13.72,0,0,0,0,0,0,0,0,0,0,0,-0.075,0.293,0.266,0.75,0,0,0.01,0,0.26,0.01,0,1.14,0.65,0.39,0.86,0,1.33,0,0,0
13.76,0,0,0,0,0,0,0,0,0,0,0,-0.073,0.286,0.276,0.58,0,0,0.06,0,0.34,0.01,0,1.19,0.4,0.33,0.56,0,1.1,0.24,0,0
13.8,0,0,0,0,0,0,0,0,0,0,0,-0.046,0.283,0.278,0.33,0,0,0.1,0,0.4,0,0,1.23,0.16,0.3,0.25,0,0.83,0.52,0,0
13.84,0,0,0,0,0,0,0,0,0,0,0,-0.045,0.293,0.285,0.19,0,0,0.09,0,0.5,0,0,1.34,0,0.2,0,0,0.54,0.83,0,0
13.88,0,0,0,0,0,0,0,0,0,0,0,-0.033,0.271,0.286,0.13,0,0,0.04,0,0.73,0,0,1.49,0,0.24,0,0,0.52,0.94,0,0
13.92,0,0,0,0,0,0,0,0,0,0,0,-0.034,0.263,0.298,0.22,0,0,0,0,1.03,0,0,1.63,0,0.17,0,0,0.56,0.89,0,0
13.96,0,0,0,0,0,0,0,0,0,0,0,-0.03,0.254,0.305,0.16,0,0,0,0,0.94,0,0,1.76,0,0.14,0.01,0,0.7,0.74,0,0
14,0,0,0,0,0,0,0,0,0,0,0,-0.027,0.254,0.316,0.14,0,0,0,0,0.68,0,0,1.88,0,0.12,0.1,0,0.85,0.43,0,0
14.04,0,0,0,0,0,0,0,0,0,0,0,-0.024,0.239,0.319,0.04,0,0,0,0,0.42,0,0,2.03,0,0.13,0.15,0,0.93,0.28,0,0
14.08,0,0,0,0,0,0,0,0,0,0,0,-0.021,0.24,0.321,0.04,0,0,0,0,0.45,0,0,2.06,0.01,0.1,0.17,0,0.93,0.12,0,0
14.12,0,0,0,0,0,0,0,0,0,0,0,-0.006,0.227,0.322,0.01,0,0,0,0.08,0.53,0,0,2.11,0.01,0.06,0.09,0,0.76,0.16,0,0
14.16,0,0,0,0,0,0,0,0,0,0,0,0.032,0.201,0.318,0,0,0,0,0.23,0.78,0,0,2.16,0.01,0.02,0.12,0,0.48,0.14,0,0
14.2,0,0,0,0,0,0,0,0,0,0,0,0.095,0.18,0.307,0,0,0,0,0.31,0.94,0,0,2.27,0,0.02,0.22,0,0.27,0.12,0,0
14.24,0,0,0,0,0,0,0,0,0,0,0,0.157,0.141,0.287,0,0,0,0,0.41,1.28,0,0,2.35,0.06,0,0.48,0.04,0.1,0.18,0,0
14.28,0,0,0,0,0,0,0,0,0,0,0,0.218,0.133,0.249,0,0,0,0,0.4,1.21,0,0,2.41,0.2,0,0.48,0.04,0.07,0.44,0,0
14.32,0,0,0,0,0,0,0,0,0,0,0,0.192,0.148,0.23,0,0,0,0,0.51,1.36,0,0,2.48,0.5,0,0.35,0.04,0,0.73,0,0
14.36,0,0,0,0,0,0,0,0,0,0,0,0.231,0.141,0.195,0,0,0,0,0.55,1.25,0,0.14,2.54,0.86,0.01,0.14,0,0,0.94,0,0
14.4,0,0,0,0,0,0,0,0,0,0,0,0.258,0.13,0.162,0,0,0,0,0.68,1.49,0,0.31,2.67,1.24,0.01,0.23,0,0,0.88,0,0
14.44,0,0,0,0,0,0,0,0,0,0,0,0.282,0.118,0.134,0,0,0,0,0.82,1.4,0,0.63,2.8,1.43,0.01,0.25,0,0,0.93,0.03,0
14.48,0,0,0,0,0,0,0,0,0,0,0,0.308,0.106,0.111,0,0,0,0,0.92,1.45,0,0.84,2.92,1.56,0.01,0.31,0,0,0.84,0.07,0
14.52,0,0,0,0,0,0,0,0,0,0,0,0.321,0.09,0.093,0,0,0,0,1,1.37,0,1.03,2.96,1.58,0.04,0.22,0,0,0.79,0.11,0
14.56,0,0,0,0,0,0,0,0,0,0,0,0.317,0.088,0.093,0,0,0,0,1.04,1.51,0,1.07,2.95,1.58,0.04,0.26,0,0,0.7,0.22,0
14.6,0,0,0,0,0,0,0,0,0,0,0,0.337,0.079,0.076,0,0,0,0,1.13,1.52,0,1.16,2.98,1.45,0.03,0.16,0,0,0.75,0.36,0
14.64,0,0,0,0,0,0,0,0,0,0,0,0.35,0.074,0.062,0,0,0,0,1.25,1.59,0,1.27,3,1.42,0,0.07,0,0,0.79,0.49,0
14.68,0,0,0,0,0,0,0,0,0,0,0,0.358,0.062,0.048,0,0,0,0,1.39,1.59,0,1.36,3.01,1.43,0,0.04,0,0,0.77,0.52,0.09
14.72,0,0,0,0,0,0,0,0,0,0,0,0.371,0.062,0.028,0,0,0,0,1.5,1.69,0,1.41,3,1.51,0,0.06,0,0,0.66,0.54,0.12
14.76,0,0,0,0,0,0,0,0,0,0,0,0.374,0.068,0.011,0,0,0,0,1.59,1.71,0,1.43,3.01,1.52,0,0.11,0,0,0.6,0.59,0.15
14.78400352,0,0,0,0,0,0,0,0,0,0,0,0.373,0.062,0.013,0,0,0,0,1.64,1.77,0,1.36,2.92,1.36,0,0.14,0,0.14,0.37,0.49,0.15
14.82401927,0,0,0,0,0,0,0,0,0,0,0,0.363,0.07,-0.011,0,0,0,0,1.65,1.88,0.16,1.24,2.65,1.14,0,0.16,0,0.37,0.28,0.29,0.25
14.86403502,0,0,0,0,0,0,0,0,0,0,0,0.349,0.101,-0.041,0,0,0,0,1.64,2.17,0.42,1.05,2.37,1.07,0,0.1,0,0.51,0.33,0.07,0.33
14.90405078,0,0,0,0,0,0,0,0,0,0,0,0.315,0.12,-0.053,0,0,0,0,1.58,2.28,0.68,1.03,2.14,1.26,0.04,0.04,0,0.63,0.37,0,0.34
14.94406653,0,0,0,0,0,0,0,0,0,0,0,0.3,0.137,-0.064,0,0,0,0,1.4,2.27,0.85,0.94,1.99,1.44,0.04,0.02,0,0.66,0.4,0,0.23
14.98408229,0,0,0,0,0,0,0,0,0,0,0,0.282,0.181,-0.048,0,0,0,0,1.24,2.03,0.86,0.96,1.92,1.25,0.05,0.06,0,0.79,0.36,0,0.12
15.02409804,0,0,0,0,0,0,0,0,0,0,0,0.263,0.196,-0.02,0,0,0,0,1.16,1.75,0.71,0.87,1.95,1.04,0.01,0.06,0,0.74,0.6,0,0.02
15.0641138,0,0,0,0,0,0,0,0,0,0,0,0.251,0.164,0.006,0,0,0,0,1.1,1.46,0.4,0.74,2.02,0.89,0.01,0.04,0,0.63,0.97,0,0.11
15.10412955,0,0,0,0,0,0,0,0,0,0,0,0.249,0.117,0.024,0,0,0,0,0.99,1.36,0.14,0.58,2.03,0.99,0.1,0.08,0,0.47,1.3,0,0.23
15.1441453,0,0,0,0,0,0,0,0,0,0,0,0.262,0.06,0.038,0,0,0,0,0.83,1.32,0.03,0.43,2.01,1.01,0.1,0.18,0,0.37,1.48,0.07,0.27
15.18416106,0,0,0,0,0,0,0,0,0,0,0,0.263,0.041,0.039,0,0,0,0,0.78,1.42,0,0.45,2.04,1.05,0.1,0.26,0,0.31,1.54,0.07,0.33
15.22417681,0,0,0,0,0,0,0,0,0,0,0,0.257,0.038,0.041,0,0,0,0,0.74,1.44,0,0.36,2.05,1.06,0.05,0.28,0,0.31,1.47,0.07,0.29
15.26419257,0,0,0,0,0,0,0,0,0,0,0,0.258,0.033,0.045,0,0,0,0,0.76,1.47,0,0.46,2.11,0.96,0.11,0.18,0,0.24,1.5,0,0.35
15.30420832,0,0,0,0,0,0,0,0,0,0,0,0.256,0.038,0.049,0,0,0,0,0.67,1.46,0,0.31,2.05,0.96,0.11,0.21,0,0.28,1.13,0,0.28
15.34422408,0,0,0,0,0,0,0,0,0,0,0,0.248,0.006,0.058,0,0,0,0,0.72,1.4,0.09,0.5,2.18,1.16,0.11,0.42,0,0.18,0.69,0,0.89
15.38423983,0,0,0,0,0,0,0,0,0,0,0,0.265,-0.045,0.043,0,0,0,0,0.71,1.5,0.21,0.49,2.26,1.41,0.08,0.8,0,0.13,0.18,0,1.39
15.42425559,0,0,0,0,0,0,0,0,0,0,0,0.274,-0.108,0.053,0,0,0,0,0.72,1.57,0.21,0.72,2.43,1.35,0.08,1.2,0.18,0,0,0,1.29
15.46427134,0,0,0,0,0,0,0,0,0,0,0,0.265,-0.174,0.064,0,0,0,0,0.64,1.66,0.12,0.73,2.46,1.1,0.03,1.36,0.43,0,0,0,0.59
15.50428709,0,0,0,0,0,0,0,0,0,0,0,0.258,-0.174,0.06,0,0,0,0,0.5,1.33,0,0.89,2.51,0.69,0.08,1.36,0.63,0,0.11,0.03,0
15.54430285,0,0,0,0,0,0,0,0,0,0,0,0.266,-0.257,0.067,0,0,0,0,0.44,0.8,0,1.03,2.55,0.39,0.32,1.3,0.48,0,0.19,0.03,0
15.5843186,0,0,0,0,0,0,0,0,0,0,0,0.265,-0.331,0.051,0,0,0,0,0.4,0.25,0,1.15,2.63,0.22,0.32,1.35,0.39,0,0.19,0.03,0
15.62433436,0,0,0,0,0,0,0,0,0,0,0,0.265,-0.348,0.009,0,0,0,0,0.47,0.17,0,1.04,2.81,0.16,0.23,1.64,0.45,0,0.08,0.2,0
15.66435011,0,0,0,0,0,0,0,0,0,0,0,0.267,-0.32,-0.037,0,0,0,0,0.55,0.47,0,0.97,2.98,0.31,0,1.77,0.42,0,0.02,0.57,0
15.70436587,0,0,0,0,0,0,0,0,0,0,0,0.27,-0.326,-0.065,0,0,0,0,0.6,0.78,0,0.84,3.05,0.26,0.07,1.92,0.4,0,0.02,1.01,0
15.74438162,0,0,0,0,0,0,0,0,0,0,0,0.265,-0.322,-0.075,0,0,0,0,0.8,1.03,0.08,1.06,2.98,0.32,0.15,1.62,0.32,0,0.09,0.82,0
15.78439737,0,0,0,0,0,0,0,0,0,0,0,0.26,-0.374,-0.078,0,0,0,0,0.98,1,0.18,1.55,2.89,0.36,0.29,1.62,0.36,0,0.07,0.46,0
15.82441313,0,0,0,0,0,0,0,0,0,0,0,0.265,-0.444,-0.066,0,0,0,0,1.07,1.06,0.21,1.99,2.74,0.4,0.61,1.5,0.22,0,0.24,0.02,0
15.86442888,0,0,0,0,0,0,0,0,0,0,0,0.292,-0.484,-0.05,0,0,0,0,1.01,1.1,0.13,2.3,2.67,0.34,0.86,1.84,0.04,0,0.29,0.01,0
15.90444464,0,0,0,0,0,0,0,0,0,0,0,0.305,-0.485,-0.051,0,0,0,0,1.01,1.32,0.03,2.3,2.69,0.24,0.94,1.84,0,0,0.42,0.04,0
15.94446039,0,0,0,0,0,0,0,0,0,0,0,0.319,-0.468,-0.062,0,0,0,0,1.07,1.47,0,2.4,2.79,0.23,0.69,1.86,0,0,0.44,0.15,0
15.98447615,0,0,0,0,0,0,0,0,0,0,0,0.319,-0.463,-0.066,0,0,0,0,1.27,1.77,0,2.41,2.9,0.31,0.54,1.7,0,0,0.5,0.21,0
16.0244919,0,0,0,0,0,0,0,0,0,0,0,0.327,-0.425,-0.088,0,0,0,0,1.43,1.8,0,2.3,3.05,0.36,0.46,1.57,0,0,0.58,0.31,0
16.06450766,0,0,0,0,0,0,0,0,0,0,0,0.344,-0.391,-0.107,0,0,0,0,1.57,1.82,0,2.05,3.18,0.47,0.36,1.38,0,0.13,0.4,0.46,0
16.10452341,0,0,0,0,0,0,0,0,0,0,0,0.365,-0.372,-0.13,0,0,0,0,1.56,1.56,0,1.83,3.23,0.65,0.23,1.24,0,0.4,0.21,0.79,0
16.14453916,0,0,0,0,0,0,0,0,0,0,0,0.373,-0.359,-0.157,0,0,0,0,1.47,1.44,0,1.72,3.15,0.83,0.18,1.22,0,0.68,0,1.04,0
16.18455492,0,0,0,0,0,0,0,0,0,0,0,0.373,-0.342,-0.179,0,0,0,0,1.4,1.39,0,1.69,3.13,0.9,0.26,1.29,0,0.85,0,1.14,0
16.22457067,0,0,0,0,0,0,0,0,0,0,0,0.375,-0.335,-0.186,0,0,0,0,1.37,1.24,0,1.72,3.17,0.98,0.21,1.26,0,0.84,0,1.17,0
16.26458643,0,0,0,0,0,0,0,0,0,0,0,0.362,-0.322,-0.204,0,0,0,0,1.29,1.15,0,1.63,3.25,0.91,0.13,1.5,0,0.81,0,1.38,0
16.30460218,0,0,0,0,0,0,0,0,0,0,0,0.37,-0.309,-0.214,0,0,0,0,1.2,1.01,0,1.62,3.27,0.97,0,1.78,0,0.77,0,1.61,0
16.34461794,0,0,0,0,0,0,0,0,0,0,0,0.372,-0.282,-0.235,0,0,0,0,1.2,1.16,0,1.61,3.22,0.95,0,2.09,0.05,0.83,0,1.66,0
16.38463369,0,0,0,0,0,0,0,0,0,0,0,0.402,-0.234,-0.256,0,0,0.04,0,1.26,1.09,0,1.6,3.04,0.88,0,2.02,0.11,0.87,0,1.56,0
16.42464944,0,0,0,0,0,0,0,0,0,0,0,0.428,-0.11,-0.281,0,0,0.04,0,1.32,0.9,0,1.6,2.85,1.07,0,1.46,0.11,0.9,0.2,1.45,0
16.4646652,0,0,0,0,0,0,0,0,0,0,0,0.411,-0.081,-0.297,0,0,0.04,0,1.46,0.8,0,1.59,2.61,1.06,0,0.74,0.06,0.77,0.53,0.98,0
16.50468095,0,0,0,0,0,0,0,0,0,0,0,0.395,0.04,-0.324,0,0,0,0,1.75,1.13,0.21,1.72,2.48,1.11,0,0.17,0,0.66,0.89,0.48,0
16.54469671,0,0,0,0,0,0,0,0,0,0,0,0.386,0.133,-0.326,0,0,0,0,1.97,1.27,0.51,1.81,2.37,0.69,0,0,0,0.46,1.18,0,0.7
16.58471246,0,0,0,0,0,0,0,0,0,0,0,0.373,0.194,-0.288,0.27,0,0.16,0,1.89,1.34,0.79,1.49,2.34,0.44,0.12,0.01,0,0.62,0.93,0,1.38
16.62472822,0,0,0,0,0,0,0,0,0,0,0,0.305,0.117,-0.271,0.27,0,0.16,0,1.73,1.36,0.73,1.22,2.28,0.32,0.12,0.01,0,0.66,0.76,0,1.63
16.66474397,0,0,0,0,0,0,0,0,0,0,0,0.326,0.253,-0.194,0.27,0,0.16,0,1.66,1.61,0.62,0.96,2.23,0.29,0.12,0.01,0,0.78,0.47,0,1.07
16.70475973,0,0,0,0,0,0,0,0,0,0,0,0.326,0.256,-0.195,0,0,0.09,0,1.64,1.73,0.54,1.06,2.13,0.45,0,0.11,0,0.45,0.59,0,0.58
16.74477548,0,0,0,0,0,0,0,0,0,0,0,0.347,0.17,-0.169,0,0,0.09,0,1.45,1.76,0.48,1.08,2.14,0.5,0.05,0.49,0,0.24,0.69,0.05,0.36
16.78479123,0,0,0,0,0,0,0,0,0,0,0,0.34,0.125,-0.126,0,0,0.09,0,1.26,1.86,0.41,1.1,2.25,0.75,0.05,1.19,0.13,0.02,0.5,0.24,0.24
16.82480699,0,0,0,0,0,0,0,0,0,0,0,0.317,0.064,-0.085,0,0,0,0,1.1,2.01,0.21,1.01,2.34,0.51,0.33,2.24,0.44,0,0.3,0.24,0.05
16.86482274,0,0,0,0,0,0,0,0,0,0,0,0.25,0.057,-0.051,0.29,0.01,0,0,0.93,1.79,0.11,0.86,2.56,0.34,0.28,2.47,0.45,0,0.2,0.19,0.02
16.9048385,0,0,0,0,0,0,0,0,0,0,0,0.28,-0.013,-0.021,0.59,0.01,0,0,0.78,1.49,0,0.77,2.66,0,0.34,2.23,0.32,0,0.43,0,0
16.94485425,0,0,0,0,0,0,0,0,0,0,0,0.288,-0.04,-0.043,1,0.01,0,0,0.73,1.29,0,0.96,2.79,0.1,0.12,1.48,0.01,0,0.55,0,0
16.98487001,0,0,0,0,0,0,0,0,0,0,0,0.281,-0.05,-0.017,0.82,0,0,0,0.82,1.31,0,1.28,2.86,0.15,0.42,1.46,0,0,0.53,0,0
17.02488576,0,0,0,0,0,0,0,0,0,0,0,0.308,-0.073,0.005,0.73,0,0,0,0.88,1.36,0,1.53,2.94,0.15,0.76,1.59,0,0,0.51,0,0
17.06490151,0,0,0,0,0,0,0,0,0,0,0,0.327,-0.054,0.007,0.54,0,0,0,0.9,1.33,0,1.6,3.08,0.17,0.91,1.75,0,0,0.53,0,0
17.10491727,0,0,0,0,0,0,0,0,0,0,0,0.337,0.008,-0.01,0.59,0,0,0,0.96,1.51,0,1.62,3.23,0.26,0.89,1.64,0,0,0.51,0,0
17.14493302,0,0,0,0,0,0,0,0,0,0,0,0.335,0.063,-0.023,0.6,0,0,0,1.04,1.77,0,1.53,3.36,0.36,0.6,1.52,0.06,0,0.41,0,0
17.18494878,0,0,0,0,0,0,0,0,0,0,0,0.322,0.11,-0.018,0.62,0,0,0,1.12,1.98,0,1.4,3.45,0.45,0.52,1.48,0.16,0,0.38,0,0
17.22496453,0,0,0,0,0,0,0,0,0,0,0,0.32,0.155,-0.023,0.61,0,0,0,1.13,2.01,0,1.2,3.4,0.61,0.37,1.47,0.31,0,0.32,0.11,0
17.26498029,0,0,0,0,0,0,0,0,0,0,0,0.319,0.193,-0.03,0.54,0,0,0,1.15,1.98,0,1.09,3.41,0.8,0.39,1.38,0.46,0,0.31,0.15,0
17.30499604,0,0,0,0,0,0,0,0,0,0,0,0.31,0.207,-0.036,0.34,0,0,0,1.22,1.97,0,1.23,3.47,0.96,0.46,1.21,0.47,0,0.37,0.15,0.06
17.3450118,0,0,0,0,0,0,0,0,0,0,0,0.296,0.162,-0.03,0.4,0,0,0.02,1.22,1.68,0,1.42,3.61,0.86,0.6,1.11,0.52,0,0.57,0.04,0.69
17.38502755,0,0,0,0,0,0,0,0,0,0,0,0.275,0.098,-0.019,0.52,0.08,0,0.02,1.24,1.47,0,1.69,3.69,0.85,0.64,1.04,0.51,0,0.81,0,1.38
17.4250433,0,0,0,0,0,0,0,0,0,0,0,0.274,0.108,-0.026,0.67,0.08,0,0.02,1.33,1.55,0,1.72,3.71,0.49,0.95,1.03,0.4,0,1,0,1.59
17.46505906,0,0,0,0,0,0,0,0,0,0,0,0.263,0.074,-0.024,0.71,0.08,0,0,1.45,2.05,0,1.71,3.61,0.3,1.01,0.66,0.24,0,1.2,0.01,0.96
17.50507481,0,0,0,0,0,0,0,0,0,0,0,0.267,0.101,-0.047,0.73,0,0,0,1.54,2.37,0,1.65,3.56,0.29,0.99,0.43,0.17,0,1.23,0.08,0.27
17.54509057,0,0,0,0,0,0,0,0,0,0,0,0.271,0.164,-0.052,0.89,0,0,0,1.43,2.36,0,1.61,3.51,0.67,0.58,0.3,0.27,0,1.1,0.16,0
17.58510632,0,0,0,0,0,0,0,0,0,0,0,0.273,0.194,-0.05,1.03,0.1,0,0,1.36,2.01,0,1.62,3.51,0.82,0.46,0.52,0.31,0,0.9,0.16,0
17.62512208,0,0,0,0,0,0,0,0,0,0,0,0.241,0.172,-0.042,1.15,0.16,0,0,1.27,1.77,0,1.53,3.48,0.71,0.41,0.7,0.28,0,0.81,0.08,0
17.66513783,0,0,0,0,0,0,0,0,0,0,0,0.244,0.169,-0.04,1.23,0.21,0,0,1.27,1.58,0,1.46,3.5,0.32,0.54,0.76,0.21,0,0.8,0,0
17.70515358,0,0,0,0,0,0,0,0,0,0,0,0.224,0.13,-0.036,1.24,0.13,0,0,1.25,1.55,0,1.44,3.53,0.14,0.48,0.77,0.2,0,0.79,0,0
17.74516934,0,0,0,0,0,0,0,0,0,0,0,0.229,0.111,-0.037,1.27,0.17,0,0,1.26,1.67,0,1.56,3.53,0.05,0.54,0.74,0.27,0,0.77,0.08,0
17.78518509,0,0,0,0,0,0,0,0,0,0,0,0.247,0.138,-0.045,1.16,0.14,0,0,1.26,1.73,0,1.55,3.51,0.26,0.6,0.7,0.52,0,0.89,0.25,0
17.82520085,0,0,0,0,0,0,0,0,0,0,0,0.255,0.17,-0.043,0.87,0.13,0,0,1.29,2.02,0,1.55,3.42,0.54,0.55,0.69,0.69,0,0.86,0.44,0
17.8652166,0,0,0,0,0,0,0,0,0,0,0,0.262,0.186,-0.047,0.55,0.03,0,0,1.35,2.09,0,1.47,3.39,0.79,0.61,0.63,0.78,0,0.83,0.53,0
17.90523236,0,0,0,0,0,0,0,0,0,0,0,0.251,0.184,-0.046,0.29,0,0,0,1.36,2.19,0,1.49,3.33,0.75,0.61,0.6,0.65,0,0.81,0.53,0
17.94524811,0,0,0,0,0,0,0,0,0,0,0,0.264,0.173,-0.051,0.17,0,0,0,1.28,2.05,0,1.35,3.26,0.66,0.6,0.53,0.69,0,0.93,0.82,0
17.98526386,0,0,0,0,0,0,0,0,0,0,0,0.277,0.172,-0.055,0.07,0,0,0,1.15,1.91,0,1.12,3.04,0.5,0.56,0.61,0.68,0,1.06,1.15,0
18.02527962,0,0,0,0,0,0,0,0,0,0,0,0.285,0.189,-0.065,0,0,0,0,1.01,1.82,0,0.78,2.87,0.5,0.5,0.83,0.83,0,0.77,1.48,0
18.06529537,0,0,0,0,0,0,0,0,0,0,0,0.267,0.22,-0.068,0,0,0,0,0.89,1.73,0,0.58,2.66,0.64,0.4,1.32,0.73,0.08,0.39,1.3,0
18.10531113,0,0,0,0,0,0,0,0,0,0,0,0.256,0.249,-0.063,0,0,0,0,0.78,1.67,0,0.49,2.58,0.86,0.23,1.7,0.63,0.16,0,1.1,0
18.14532688,0,0,0,0,0,0,0,0,0,0,0,0.252,0.248,-0.061,0,0,0,0,0.7,1.62,0,0.5,2.48,0.99,0.11,1.68,0.33,0.16,0,0.82,0
18.18534264,0,0,0,0,0,0,0,0,0,0,0,0.295,0.279,-0.063,0,0,0,0,0.64,1.51,0,0.5,2.46,1.19,0.09,1.28,0.15,0.08,0,0.53,0
18.22535839,0,0,0,0,0,0,0,0,0,0,0,0.325,0.305,-0.065,0,0,0,0,0.63,1.37,0,0.53,2.45,1.37,0.09,0.93,0,0.01,0,0.23,0
18.26537415,0,0,0,0,0,0,0,0,0,0,0,0.329,0.33,-0.056,0,0,0,0,0.66,1.26,0,0.62,2.42,1.58,0,0.85,0,0.01,0,0.02,0
18.3053899,0,0,0,0,0,0,0,0,0,0,0,0.346,0.349,-0.042,0,0,0,0,0.72,1.36,0,0.72,2.41,1.47,0,0.86,0,0.04,0.1,0.24,0
18.34540565,0,0,0,0,0,0,0,0,0,0,0,0.351,0.361,-0.024,0,0,0,0,0.71,1.43,0,0.79,2.36,1.35,0,0.85,0,0.11,0.25,0.58,0
18.38542141,0,0,0,0,0,0,0,0,0,0,0,0.348,0.361,-0.017,0,0,0,0,0.8,1.55,0,0.91,2.42,1.25,0,0.92,0,0.14,0.35,0.82,0
18.42543716,0,0,0,0,0,0,0,0,0,0,0,0.339,0.372,-0.003,0,0,0,0,0.9,1.63,0,1.17,2.56,1.22,0,1,0,0.11,0.42,0.95,0
18.46545292,0,0,0,0,0,0,0,0,0,0,0,0.339,0.353,0.007,0,0,0,0,1.12,2.09,0,1.39,2.79,1.23,0.11,1.17,0,0.03,0.32,0.93,0.25
18.50546867,0,0,0,0,0,0,0,0,0,0,0,0.326,0.314,0.019,0,0,0,0,1.11,2.01,0,1.56,2.98,1.29,0.22,1.33,0.04,0,0.23,0.96,1.05
18.54548443,0,0,0,0,0,0,0,0,0,0,0,0.32,0.285,0.023,0,0,0,0,1.15,1.9,0,1.6,3.08,1.32,0.23,1.36,0.13,0,0.05,0.75,1.78
18.58550018,0,0,0,0,0,0,0,0,0,0,0,0.322,0.315,0.021,0,0,0,0,1.1,1.51,0,1.67,3.15,1.27,0.13,1.32,0.13,0,0.07,0.56,2.29
18.62551593,0,0,0,0,0,0,0,0,0,0,0,0.325,0.316,0.02,0,0,0,0,1.28,1.48,0,1.66,3.09,1.15,0.03,0.88,0.08,0,0.13,0.33,2.22
18.66553169,0,0,0,0,0,0,0,0,0,0,0,0.335,0.376,0.019,0,0,0,0,1.42,1.45,0.04,1.53,2.92,0.99,0.01,0.5,0,0,0.45,0.16,2.33
18.70554744,0,0,0,0,0,0,0,0,0,0,0,0.339,0.449,0.018,0,0,0,0,1.54,1.31,0.06,1.29,2.71,0.74,0,0.11,0,0,0.97,0.03,2.15
18.7455632,0,0,0,0,0,0,0,0,0,0,0,0.324,0.522,0.036,0,0,0,0,1.5,1.35,0.14,1.06,2.59,0.39,0,0.03,0,0,1.32,0,2
18.78557895,0,0,0,0,0,0,0,0,0,0,0,0.311,0.562,0.058,0,0,0,0,1.43,1.4,0.27,0.88,2.52,0.26,0,0.2,0,0.18,1.16,0,1.39
18.82559471,0,0,0,0,0,0,0,0,0,0,0,0.281,0.524,0.086,0,0,0,0,1.37,1.54,0.43,0.81,2.5,0.26,0,0.37,0,0.33,0.73,0,1.05
18.86561046,0,0,0,0,0,0,0,0,0,0,0,0.279,0.525,0.088,0,0,0,0,1.36,1.54,0.54,0.75,2.46,0.53,0,0.49,0,0.54,0.35,0,0.71
18.90562622,0,0,0,0,0,0,0,0,0,0,0,0.284,0.504,0.09,0,0,0,0,1.25,1.36,0.42,0.75,2.51,0.71,0,0.44,0,0.45,0.36,0,1.15
18.94564197,0,0,0,0,0,0,0,0,0,0,0,0.306,0.472,0.089,0,0,0,0,1.2,1.25,0.31,0.85,2.5,0.9,0,0.46,0,0.48,0.36,0,1.39
18.98565772,0,0,0,0,0,0,0,0,0,0,0,0.313,0.441,0.096,0,0,0,0,1.19,1.25,0.14,1.01,2.45,0.94,0,0.5,0,0.44,0.52,0,1.27
19.02567348,0,0,0,0,0,0,0,0,0,0,0,0.329,0.427,0.102,0,0,0,0,1.24,1.33,0.08,1.08,2.39,0.95,0,0.64,0,0.52,0.58,0,0.59
19.06568923,0,0,0,0,0,0,0,0,0,0,0,0.341,0.417,0.105,0,0,0,0,1.18,1.39,0.02,1.1,2.38,0.92,0,0.66,0,0.53,0.69,0,0.12
19.10570499,0,0,0,0,0,0,0,0,0,0,0,0.337,0.408,0.112,0,0,0,0,1.1,1.3,0,1.15,2.4,0.87,0,0.71,0,0.55,0.76,0.1,0
19.14572074,0,0,0,0,0,0,0,0,0,0,0,0.35,0.387,0.115,0,0,0,0,1.09,1.33,0,1.18,2.43,0.78,0,0.71,0,0.59,0.72,0.22,0
19.1857365,0,0,0,0,0,0,0,0,0,0,0,0.356,0.371,0.125,0,0,0,0,1.18,1.32,0,1.37,2.56,0.86,0,0.71,0,0.55,0.61,0.42,0
19.22575225,0,0,0,0,0,0,0,0,0,0,0,0.354,0.338,0.115,0,0,0,0,1.24,1.31,0,1.51,2.66,0.8,0,0.66,0,0.46,0.53,0.57,0
19.265768,0,0,0,0,0,0,0,0,0,0,0,0.348,0.329,0.116,0,0,0,0,1.26,1.3,0,1.51,2.65,0.79,0,0.64,0,0.33,0.52,0.69,0
19.30578376,0,0,0,0,0,0,0,0,0,0,0,0.346,0.328,0.115,0,0,0,0,1.19,1.32,0,1.32,2.56,0.57,0.1,0.74,0,0.35,0.5,0.76,0
19.34579951,0,0,0,0,0,0,0,0,0,0,0,0.341,0.316,0.124,0,0,0,0,1.11,1.36,0,0.99,2.4,0.64,0.1,0.82,0,0.28,0.31,0.57,0
19.38581527,0,0,0,0,0,0,0,0,0,0,0,0.32,0.343,0.115,0,0,0,0,0.96,1.29,0.1,0.62,2.27,0.76,0.1,0.84,0,0.25,0.21,0.33,0.04
19.42583102,0,0,0,0,0,0,0,0,0,0,0,0.276,0.388,0.121,0,0,0,0,0.82,1.13,0.28,0.25,2.05,1.15,0.01,0.74,0,0.2,0.1,0.06,0.04
19.46584678,0,0,0,0,0,0,0,0,0,0,0,0.255,0.413,0.122,0,0,0,0,0.67,0.84,0.49,0,1.86,1.52,0.01,0.63,0,0.29,0.2,0,0.11
19.50586253,0,0,0,0,0,0,0,0,0,0,0,0.231,0.436,0.122,0,0,0,0,0.59,0.59,0.6,0,1.71,1.84,0.01,0.39,0,0.24,0.39,0,0.18
19.54587829,0,0,0,0,0,0,0,0,0,0,0,0.208,0.442,0.13,0,0,0,0,0.56,0.37,0.46,0,1.8,1.73,0.04,0.21,0,0.21,0.53,0,0.18
19.58589404,0,0,0,0,0,0,0,0,0,0,0,0.211,0.392,0.166,0,0,0,0,0.56,0.48,0.27,0,1.97,1.35,0.04,0.06,0,0.1,0.91,0,0.15
19.62590979,0,0,0,0,0,0,0,0,0,0,0,0.2,0.391,0.176,0,0,0,0,0.55,0.5,0.06,0,2.18,0.99,0.04,0.14,0,0.1,1.25,0,0.08
19.66592555,0,0,0,0,0,0,0,0,0,0,0,0.189,0.357,0.183,0,0,0,0,0.58,0.65,0.02,0.07,2.31,0.81,0,0.1,0,0,1.7,0,0.17
19.7059413,0,0,0,0,0,0,0,0,0,0,0,0.165,0.303,0.202,0,0,0,0,0.62,0.8,0,0.2,2.46,0.73,0,0.1,0,0,1.9,0,0.14
19.74595706,0,0,0,0,0,0,0,0,0,0,0,0.126,0.292,0.224,0,0,0,0,0.74,1.08,0,0.51,2.63,0.69,0,0,0,0,1.97,0,0.12
19.78597281,0,0,0,0,0,0,0,0,0,0,0,0.127,0.333,0.217,0,0,0,0,0.8,1.32,0,0.69,2.75,0.67,0,0,0,0,2.13,0.01,0.08
19.82598857,0,0,0,0,0,0,0,0,0,0,0,0.119,0.26,0.23,0,0,0,0,0.88,1.33,0,0.96,2.78,1.03,0.11,0,0,0,2.02,0.01,0.12
19.86600432,0,0,0,0,0,0,0,0,0,0,0,0.141,0.333,0.217,0,0,0,0,0.9,1.15,0.04,1.13,2.24,1.17,1.03,0,0.1,0.27,1.69,0.01,0.26
19.90602007,0,0,0,0,0,0,0,0,0,0,0,0.182,0.502,0.183,0,0,0,0,0.99,1.13,0.04,1.34,2.22,1.46,1.26,0,0.1,0.27,1.37,0,0.27
19.94603583,0,0,0,0,0,0,0,0,0,0,0,0.255,0.042,0.191,0,0,0,0,1.02,1.3,0.04,1.36,2.22,1.3,1.15,0,0.1,0.27,1.41,0,0.43
19.98605158,0,0,0,0,0,0,0,0,0,0,0,0.269,0.064,0.179,0,0,0,0,1,1.6,0,1.24,2.67,1.2,0.23,0,0,0,1.75,0.06,0.44
20.02606734,0,0,0,0,0,0,0,0,0,0,0,0.26,0.128,0.166,0,0,0,0,0.95,1.75,0,1.05,2.65,0.96,0.03,0,0,0,1.87,0.21,0.5
20.06608309,0,0,0,0,0,0,0,0,0,0,0,0.271,0.071,0.207,0,0,0,0,1.04,1.92,0,1,2.71,0.91,0.03,0,0,0,1.8,0.21,0.55
20.10609885,0,0,0,0,0,0,0,0,0,0,0,0.265,0.042,0.184,0,0,0,0,1.2,2.14,0,1.04,2.83,0.99,0.12,0,0,0,1.56,0.15,0.62
20.1461146,0,0,0,0,0,0,0,0,0,0,0,0.263,0.024,0.172,0,0,0,0,1.34,2.32,0,1.16,2.87,1.17,0.12,0,0,0,1.46,0,0.77
20.18613035,0,0,0,0,0,0,0,0,0,0,0,0.264,0.007,0.165,0,0,0,0,1.36,2.11,0,1.27,2.89,1.39,0.22,0,0,0,1.35,0,1.57
20.22614611,0,0,0,0,0,0,0,0,0,0,0,0.258,0.001,0.163,0,0,0,0,1.39,1.83,0,1.36,2.89,1.49,0.2,0,0,0,1.42,0.09,2.32
20.26616186,0,0,0,0,0,0,0,0,0,0,0,0.248,-0.026,0.16,0,0,0,0,1.4,1.62,0,1.49,2.92,1.58,0.24,0,0,0,1.39,0.1,2.96
20.30617762,0,0,0,0,0,0,0,0,0,0,0,0.246,-0.04,0.168,0,0,0,0,1.46,1.74,0,1.61,2.87,1.46,0.29,0,0,0,1.66,0.54,2.58
20.34619337,0,0,0,0,0,0,0,0,0,0,0,0.246,-0.035,0.164,0,0,0,0,1.45,1.71,0,1.69,2.88,1.45,0.25,0,0,0,1.85,0.99,2.61
20.38620913,0,0,0,0,0,0,0,0,0,0,0,0.243,-0.058,0.158,0,0,0,0,1.4,1.42,0,1.74,2.88,1.23,0.16,0.08,0,0,2.14,1.64,2.78
20.42622488,0,0,0,0,0,0,0,0,0,0,0,0.227,-0.081,0.147,0,0,0,0,1.4,1.26,0,1.72,2.99,1.06,0.01,0.32,0,0,2.17,1.99,2.96
20.46624064,0,0,0,0,0,0,0,0,0,0,0,0.216,-0.086,0.131,0,0,0,0,1.5,1.47,0,1.78,3.02,0.68,0,0.4,0,0,2.24,2.11,2.54
20.50625639,0,0,0,0,0,0,0,0,0,0,0,0.207,-0.106,0.12,0,0,0,0,1.65,1.75,0,1.81,3.04,0.45,0,0.43,0,0,2.31,2.15,2.11
20.54627214,0,0,0,0,0,0,0,0,0,0,0,0.2,-0.108,0.117,0,0,0,0,1.68,2.01,0,1.79,2.97,0.26,0,0.29,0,0,2.46,2.13,1.66
20.5862879,0,0,0,0,0,0,0,0,0,0,0,0.204,-0.111,0.11,0,0,0,0,1.64,2.08,0,1.55,2.93,0.15,0.03,0.33,0.18,0,2.57,2.33,1.25
20.62630365,0,0,0,0,0,0,0,0,0,0,0,0.201,-0.116,0.099,0,0,0,0,1.56,2.2,0,1.31,2.82,0.07,0.03,0.34,0.21,0,2.68,2.46,0.79
20.66631941,0,0,0,0,0,0,0,0,0,0,0,0.205,-0.126,0.087,0,0,0,0,1.53,2.18,0,1.19,2.8,0,0.03,0.37,0.21,0,2.64,2.53,0.61
20.70633516,0,0,0,0,0,0,0,0,0,0,0,0.213,-0.135,0.078,0,0,0,0,1.5,2.13,0,1.1,2.74,0,0,0.44,0.3,0,2.53,2.72,0.58
20.74635092,0,0,0,0,0,0,0,0,0,0,0,0.23,-0.147,0.071,0,0,0,0,1.48,2.16,0,1.06,2.73,0,0.05,0.52,0.48,0,2.36,2.98,0.58
20.78636667,0,0,0,0,0,0,0,0,0,0,0,0.23,-0.145,0.067,0,0,0,0,1.41,2.18,0,0.85,2.62,0,0.06,0.78,0.78,0,2.28,3.5,0.5
20.82638242,0,0,0,0,0,0,0,0,0,0,0,0.245,-0.17,0.063,0,0,0,0,1.34,2.16,0,0.84,2.49,0,0.06,0.97,0.67,0,2.12,3.61,0.51
20.86639818,0,0,0,0,0,0,0,0,0,0,0,0.265,-0.204,0.061,0,0,0.25,0,1.26,2.24,0,0.87,2.3,0.07,0.08,1.26,0.96,0,1.98,3.69,0.32
20.90641393,0,0,0,0,0,0,0,0,0,0,0,0.285,-0.248,0.059,0,0,0.57,0,1.27,2.28,0,0.9,2.23,0.25,0.07,1.59,1.17,0,1.66,3.31,0.18
20.94642969,0,0,0,0,0,0,0,0,0,0,0,0.292,-0.289,0.055,0,0,1.07,0,1.3,2.31,0.08,0.86,2.28,0.42,0.07,2.11,1.54,0,1.45,2.97,0
20.98644544,0,0,0,0,0,0,0,0,0,0,0,0.3,-0.324,0.055,0,0,1.34,0,1.34,2.25,0.14,0.78,2.38,0.49,0,2.51,1.44,0,1.3,2.61,0.01
21.0264612,0,0,0,0,0,0,0,0,0,0,0,0.3,-0.322,0.053,0,0,1.64,0,1.39,2.15,0.35,0.84,2.44,0.61,0,2.53,0.93,0,0.92,2.46,0.07
21.06647695,0,0,0,0,0,0,0,0,0,0,0,0.307,-0.353,0.039,0,0,2,0,1.43,2.06,0.59,0.76,2.54,0.91,0,2.65,0.61,0,0.86,2.14,0.11
21.10649271,0,0,0,0,0,0,0,0,0,0,0,0.301,-0.36,0.011,0,0,2.3,0,1.53,1.9,1.04,0.97,2.51,1.63,0,2,0.21,0.02,0.39,1.32,0.14
21.14650846,0,0,0,0,0,0,0,0,0,0,0,0.304,-0.354,-0.007,0,0,2.5,0,1.53,1.82,1.34,1.08,2.47,2.08,0.19,1.45,0.21,0.02,0.35,0.51,0.16
21.18652421,0,0,0,0,0,0,0,0,0,0,0,0.312,-0.333,-0.028,0,0,2.49,0,1.56,2.01,1.54,1.28,2.33,2.23,0.4,0.62,0,0.02,0.07,0.04,0.21
21.22653997,0,0,0,0,0,0,0,0,0,0,0,0.317,-0.318,-0.04,0,0,2.49,0,1.55,2.35,1.53,1.21,2.33,1.97,0.63,0.45,0,0,0.13,0.15,0.26
21.26655572,0,0,0,0,0,0,0,0,0,0,0,0.292,-0.297,-0.044,0,0,2.54,0,1.56,2.63,1.54,1.21,2.32,1.8,0.78,0.45,0,0,0.15,0.24,0.19
21.30657148,0,0,0,0,0,0,0,0,0,0,0,0.316,-0.295,-0.039,0,0,2.67,0,1.62,2.86,1.57,1.28,2.36,1.66,0.8,0.53,0,0,0.08,0.21,0.15
21.34658723,0,0,0,0,0,0,0,0,0,0,0,0.308,-0.286,-0.046,0,0,2.82,0,1.67,2.83,1.58,1.29,2.46,1.55,0.86,0.77,0,0.1,0.02,0.1,0.09
21.38660299,0,0,0,0,0,0,0,0,0,0,0,0.303,-0.279,-0.055,0,0,2.95,0,1.77,2.94,1.55,1.15,2.55,1.62,0.83,0.83,0,0.21,0,0,0.07
21.42661874,0,0,0,0,0,0,0,0,0,0,0,0.308,-0.261,-0.058,0,0,2.77,0,1.8,2.75,1.46,1.04,2.52,1.78,0.87,0.74,0,0.32,0,0,0.04
21.46663449,0,0,0,0,0,0,0,0,0,0,0,0.313,-0.237,-0.057,0,0,2.63,0,1.84,2.69,1.38,0.9,2.41,1.88,0.81,0.57,0,0.33,0,0,0.08
21.50665025,0,0,0,0,0,0,0,0,0,0,0,0.308,-0.231,-0.06,0,0,2.36,0,1.84,2.69,1.22,0.99,2.32,1.87,0.7,0.48,0,0.28,0.08,0.07,0.11
21.546666,0,0,0,0,0,0,0,0,0,0,0,0.33,-0.209,-0.053,0,0,2.37,0,1.88,2.83,1.1,1.04,2.34,1.88,0.59,0.37,0,0.26,0.15,0.23,0.1
21.58668176,0,0,0,0,0,0,0,0,0,0,0,0.338,-0.189,-0.041,0,0,2.29,0,1.93,3.08,0.96,1.14,2.43,1.87,0.66,0.3,0,0.18,0.21,0.38,0.03
21.62669751,0,0,0,0,0,0,0,0,0,0,0,0.34,-0.168,-0.021,0,0,2.37,0,2.01,3.24,0.95,1.18,2.5,1.75,0.7,0.22,0,0.18,0.13,0.47,0
21.66671327,0,0,0,0,0,0,0,0,0,0,0,0.33,-0.147,-0.003,0,0,2.32,0,2.04,3.44,0.93,1.2,2.53,1.66,0.71,0.3,0,0.26,0.06,0.43,0.04
21.70672902,0,0,0,0,0,0,0,0,0,0,0,0.331,-0.136,0.02,0,0,2.31,0,2.05,3.48,0.94,1.16,2.52,1.65,0.47,0.36,0,0.42,0,0.43,0.12
21.74674478,0,0,0,0,0,0,0,0,0,0,0,0.332,-0.134,0.023,0,0,2.26,0,2.03,3.47,0.88,1.14,2.44,1.74,0.39,0.55,0,0.55,0.06,0.46,0.12
21.78676053,0,0,0,0,0,0,0,0,0,0,0,0.346,-0.129,0.044,0,0,2.09,0,1.95,3.4,0.76,1.16,2.35,1.81,0.45,0.78,0,0.6,0.07,0.62,0.08
21.82677628,0,0,0,0,0,0,0,0,0,0,0,0.364,-0.126,0.051,0,0,2,0,1.9,3.38,0.65,1.25,2.25,1.95,0.51,1.06,0,0.66,0.07,0.63,0
21.86679204,0,0,0,0,0,0,0,0,0,0,0,0.362,-0.131,0.051,0,0,1.73,0,1.78,3.21,0.55,1.24,2.22,2.04,0.49,1.28,0,0.79,0.01,0.51,0
21.90680779,0,0,0,0,0,0,0,0,0,0,0,0.356,-0.138,0.042,0,0,1.7,0,1.74,2.96,0.56,1.14,2.23,2.07,0.3,1.42,0,0.97,0,0.29,0
21.94682355,0,0,0,0,0,0,0,0,0,0,0,0.361,-0.155,0.037,0,0,1.59,0,1.69,2.77,0.53,1.1,2.22,1.98,0.22,1.5,0,1.15,0,0.15,0
21.9868393,0,0,0,0,0,0,0,0,0,0,0,0.337,-0.149,0.028,0,0,1.6,0,1.74,2.64,0.52,1.19,2.25,2,0.08,1.49,0,1.41,0,0.17,0
22.02685506,0,0,0,0,0,0,0,0,0,0,0,0.359,-0.173,0.031,0,0,1.37,0,1.82,2.51,0.36,1.37,2.33,1.97,0.05,1.36,0.13,1.6,0.02,0.16,0
22.06687081,0,0,0,0,0,0,0,0,0,0,0,0.378,-0.176,0.033,0,0,1.19,0,1.94,2.24,0.3,1.51,2.42,2.04,0,1.24,0.26,1.74,0.02,0.23,0
22.10688656,0,0,0,0,0,0,0,0,0,0,0,0.392,-0.178,0.035,0,0,1.05,0,2.01,2.08,0.23,1.55,2.51,2.09,0,1.27,0.4,1.74,0.15,0.2,0
22.14690232,0,0,0,0,0,0,0,0,0,0,0,0.415,-0.172,0.04,0,0,1.19,0,2.07,1.81,0.25,1.67,2.53,2.35,0,1.44,0.4,1.73,0.35,0.28,0
22.18691807,0,0,0,0,0,0,0,0,0,0,0,0.422,-0.169,0.046,0,0,1.26,0,2.06,1.69,0.24,1.76,2.56,2.55,0,1.54,0.36,1.76,0.6,0.29,0
22.22693383,0,0,0,0,0,0,0,0,0,0,0,0.413,-0.173,0.046,0,0,1.46,0,1.96,1.26,0.3,1.76,2.52,2.64,0.03,1.59,0.25,1.87,0.64,0.35,0
22.26694958,0,0,0,0,0,0,0,0,0,0,0,0.416,-0.181,0.047,0,0,1.57,0,1.82,1.07,0.3,1.68,2.46,2.56,0.03,1.68,0.11,1.99,0.55,0.24,0
22.30696534,0,0,0,0,0,0,0,0,0,0,0,0.412,-0.19,0.046,0,0,1.72,0,1.7,0.86,0.26,1.56,2.38,2.2,0.03,1.84,0.06,2.17,0.35,0.14,0
22.34698109,0,0,0,0,0,0,0,0,0,0,0,0.411,-0.197,0.031,0,0,1.59,0,1.58,0.88,0.17,1.58,2.36,1.99,0,1.93,0.11,2.33,0.24,0.12,0
22.38699684,0,0,0,0,0,0,0,0,0,0,0,0.395,-0.207,0.001,0,0,1.58,0,1.52,1.05,0.1,1.39,2.33,1.71,0,1.94,0.39,2.42,0.44,0.28,0
22.4270126,0,0,0,0,0,0,0,0,0,0,0,0.396,-0.213,-0.025,0,0,1.53,0,1.51,1.19,0.05,1.32,2.36,1.82,0,1.9,0.42,2.39,0.7,0.34,0
22.46702835,0,0,0,0,0,0,0,0,0,0,0,0.403,-0.21,-0.033,0,0,1.79,0,1.66,1.34,0.18,1.2,2.33,1.9,0,1.69,0.35,2.24,0.85,0.29,0
22.50704411,0,0,0,0,0,0,0,0,0,0,0,0.394,-0.212,-0.048,0,0,1.82,0,1.69,1.33,0.33,1.18,2.31,2,0,1.36,0.07,2.16,0.8,0.31,0
22.54705986,0,0,0,0,0,0,0,0,0,0,0,0.374,-0.207,-0.058,0,0,1.97,0,1.66,1.2,0.55,0.95,2.16,1.86,0,1.13,0.01,2.16,0.88,0.52,0
22.58707562,0,0,0,0,0,0,0,0,0,0,0,0.346,-0.202,-0.071,0,0,1.77,0,1.51,1.13,0.53,0.78,2.04,1.63,0,1.05,0,2.21,1.04,0.66,0
22.62709137,0,0,0,0,0,0,0,0,0,0,0,0.319,-0.198,-0.077,0,0,1.67,0,1.48,1.15,0.48,0.66,1.97,1.4,0.07,1.03,0,2.21,1.06,0.62,0
22.66710713,0,0,0,0,0,0,0,0,0,0,0,0.304,-0.194,-0.081,0,0,1.53,0,1.52,1.34,0.37,0.7,2.02,1.32,0.19,1.01,0,2.17,1.01,0.57,0
22.70712288,0,0,0,0,0,0,0,0,0,0,0,0.341,-0.192,-0.079,0,0,1.49,0,1.49,1.4,0.3,0.63,2.13,1.28,0.4,1.12,0,2.19,0.89,0.56,0
22.74713863,0,0,0,0,0,0,0,0,0,0,0,0.321,-0.197,-0.083,0,0,1.48,0,1.42,1.36,0.25,0.67,2.25,1.31,0.43,1.49,0,2.21,0.65,0.72,0
22.78715439,0,0,0,0,0,0,0,0,0,0,0,0.331,-0.204,-0.072,0,0,1.22,0,1.3,1.48,0.14,0.8,2.33,1.02,0.48,2.08,0,2.36,0.3,0.93,0
22.82717014,0,0,0,0,0,0,0,0,0,0,0,0.312,-0.235,-0.067,0,0,1.11,0,1.37,1.66,0.13,1.14,2.32,0.7,0.47,2.55,0.08,2.35,0.05,1.12,0
22.8671859,0,0,0,0,0,0,0,0,0,0,0,0.319,-0.253,-0.06,0,0,1.01,0,1.48,2,0.1,1.57,2.29,0.4,0.81,2.8,0.08,2.18,0,0.89,0
22.90720165,0,0,0,0,0,0,0,0,0,0,0,0.297,-0.268,-0.045,0,0,1.04,0,1.55,2.06,0.19,1.71,2.22,0.24,0.93,2.73,0.19,2.06,0,0.83,0
22.94721741,0,0,0,0,0,0,0,0,0,0,0,0.339,-0.245,-0.049,0,0,1.05,0,1.56,2.12,0.17,1.94,2.25,0.35,1.28,2.7,0.1,1.84,0.02,0.47,0
22.98723316,0,0,0,0,0,0,0,0,0,0,0,0.314,-0.251,-0.036,0,0,1.05,0,1.53,1.98,0.14,2.17,2.31,0.7,1.24,2.73,0.1,1.57,0.17,0.41,0
23.02724891,0,0,0,0,0,0,0,0,0,0,0,0.285,-0.262,-0.019,0,0,1.14,0,1.7,1.94,0.22,2.6,2.48,1.18,1.56,2.73,0,1.03,0.22,0.03,0
23.06726467,0,0,0,0,0,0,0,0,0,0,0,0.236,-0.288,-0.002,0,0,1.15,0,1.78,1.85,0.18,2.99,2.51,0.95,1.85,2.11,0,0.51,0.59,0,0
23.10728042,0,0,0,0,0,0,0,0,0,0,0,0.207,-0.362,0.029,0,0,1.08,0,1.69,1.6,0.21,2.65,2.52,0.58,1.45,1.77,0.17,0.44,0.9,0.15,0
23.14729618,0,0,0,0,0,0,0,0,0,0,0,0.398,-0.025,-0.025,0,0,1,0,1.46,1.27,0.07,2.26,2.44,0.17,0.84,1.55,0.32,0.55,1.26,0.38,0
23.18731193,0,0,0,0,0,0,0,0,0,0,0,0.396,-0.027,-0.024,0,0,0.94,0,1.43,1.49,0.09,1.92,2.53,0.35,0,2.21,0.46,0.94,1.01,0.43,0
23.22732769,0,0,0,0,0,0,0,0,0,0,0,0.345,-0.041,0.017,0,0,0.92,0,1.64,1.97,0.11,1.95,2.57,0.38,0.14,2.02,0.29,0.9,0.91,0.49,0
23.26192312,0,0,0,0,0,0,0,0,0,0,0,0.406,0.093,-0.027,0,0,0.95,0.13,1.79,2.26,0.08,2.02,2.65,0.5,0.14,2.05,0.32,1.05,0.72,0.42,0
23.3018703,0,0,0,0,0,0,0,0,0,0,0,0.377,0.08,0.009,0,0,0.96,0.15,1.79,2.19,0.06,1.88,2.71,0.47,0.14,2.33,0.51,1.27,0.67,0.37,0
23.34181747,0,0,0,0,0,0,0,0,0,0,0,0.293,0.045,0.062,0,0,0.91,0.15,1.69,1.92,0,1.9,2.84,0.69,0.35,3.52,0.51,1.8,0.3,0.15,0
23.38176465,0,0,0,0,0,0,0,0,0,0,0,0.253,-0.021,0.106,0,0,0.78,0.01,1.53,1.9,0,1.84,2.93,0.54,0.35,4.34,0.63,1.78,0.28,0.42,0
23.42171182,0,0,0,0,0,0,0,0,0,0,0,0.325,0.002,0.101,0,0,0.76,0,1.44,1.8,0,2,3.01,0.53,1.07,4.77,0.31,1.59,0.2,0.48,0
23.461659,0,0,0,0,0,0,0,0,0,0,0,0.275,-0.027,0.126,0.04,0,0.84,0,1.29,1.84,0,2.36,3.01,0.49,1.18,4.71,0.53,1.22,0.2,0.48,0
23.50160617,0,0,0,0,0,0,0,0,0,0,0,0.298,-0.027,0.133,0.13,0,0.9,0,1.22,1.75,0,2.55,3.02,0.55,1.45,4.85,0.61,1.19,0,0.12,0
23.54155335,0,0,0,0,0,0,0,0,0,0,0,0.328,0.013,0.126,0.13,0,0.85,0,1.12,1.81,0,2.37,2.95,0.4,0.86,4.69,1.2,1.31,0,0.52,0
23.58150052,0,0,0,0,0,0,0,0,0,0,0,0.333,0.12,0.113,0.09,0,0.74,0,1.2,2.01,0,1.91,2.77,0.26,0.4,4.04,1.37,1.39,0,1.21,0
23.6214477,0,0,0,0,0,0,0,0,0,0,0,0.391,0.216,0.083,0,0,0.7,0,1.39,2.33,0,1.7,2.61,0.3,0.15,3.31,1.43,1.42,0,1.84,0
23.66139487,0,0,0,0,0,0,0,0,0,0,0,0.4,0.219,0.079,0,0,0.77,0,1.54,2.45,0,1.78,2.49,0.71,0.02,2.48,1.28,1.15,0.18,2.2,0
23.70134205,0,0,0,0,0,0,0,0,0,0,0,0.445,0.232,0.064,0,0,0.89,0,1.68,2.55,0,1.82,2.54,0.81,0.11,2.16,1.14,1.08,0.32,2.25,0
23.74128922,0,0,0,0,0,0,0,0,0,0,0,0.454,0.243,0.051,0,0,0.92,0,1.79,2.6,0,1.7,2.49,1.01,0.3,1.6,0.97,0.98,0.53,2.15,0
23.78123639,0,0,0,0,0,0,0,0,0,0,0,0.456,0.253,0.033,0,0,0.85,0,1.8,2.62,0,1.36,2.42,0.93,0.53,1.08,0.53,0.91,0.55,1.69,0
23.82118357,0,0,0,0,0,0,0,0,0,0,0,0.443,0.252,0.026,0,0,0.76,0,1.67,2.57,0,1.08,2.34,0.99,0.65,0.74,0.28,0.82,0.47,1.16,0
23.86113074,0,0,0,0,0,0,0,0,0,0,0,0.424,0.25,0.027,0,0,0.68,0,1.5,2.51,0,0.9,2.31,0.97,0.59,0.71,0,0.81,0.26,0.69,0
23.90107792,0,0,0,0,0,0,0,0,0,0,0,0.428,0.239,0.035,0,0,0.6,0,1.38,2.47,0,0.73,2.25,0.97,0.5,0.71,0,0.9,0.13,0.34,0
23.94102509,0,0,0,0,0,0,0,0,0,0,0,0.406,0.238,0.036,0,0,0.54,0,1.35,2.28,0.01,0.61,2.18,1.1,0.43,0.65,0,0.93,0.09,0.14,0
23.98097227,0,0,0,0,0,0,0,0,0,0,0,0.39,0.234,0.033,0,0,0.48,0,1.3,2.22,0.02,0.52,2.1,1.33,0.43,0.7,0,0.92,0.09,0.04,0
24.02091944,0,0,0,0,0,0,0,0,0,0,0,0.386,0.215,0.039,0,0,0.51,0,1.22,2.13,0.02,0.44,2.08,1.45,0.38,0.85,0,1.02,0.03,0.1,0
24.06086662,0,0,0,0,0,0,0,0,0,0,0,0.383,0.177,0.043,0,0,0.45,0,1.14,2.25,0.01,0.5,2.03,1.44,0.42,1.08,0,1.1,0,0.22,0
24.10081379,0,0,0,0,0,0,0,0,0,0,0,0.4,0.132,0.038,0,0,0.39,0,1.09,2.33,0,0.57,2.01,1.36,0.43,1.18,0,1.22,0,0.33,0
24.14076097,0,0,0,0,0,0,0,0,0,0,0,0.393,0.127,0.042,0,0,0.34,0,1,2.18,0,0.7,2,1.43,0.48,1.43,0,1.19,0,0.69,0
24.18070814,0,0,0,0,0,0,0,0,0,0,0,0.414,0.076,0.042,0,0,0.43,0,0.97,2.1,0,0.76,2.08,1.18,0.3,1.85,0.03,1.05,0.06,1.4,0
24.22065532,0,0,0,0,0,0,0,0,0,0,0,0.43,0.032,0.047,0,0,0.48,0,0.99,2.09,0,0.94,2.25,0.86,0.15,2.05,0.21,0.7,0.14,1.99,0
24.26060249,0,0,0,0,0,0,0,0,0,0,0,0.439,-0.001,0.059,0,0,0.53,0,1.14,2.16,0,1.21,2.41,0.43,0,2.29,0.4,0.47,0.26,2.17,0
24.30054967,0,0,0,0,0,0,0,0,0,0,0,0.423,-0.032,0.08,0,0,0.58,0,1.25,2.11,0,1.53,2.51,0.3,0,2.25,0.53,0.35,0.31,1.66,0
24.34049684,0,0,0,0,0,0,0,0,0,0,0,0.406,-0.091,0.102,0.09,0,0.63,0,1.32,1.92,0,1.7,2.46,0.26,0.08,2.2,0.5,0.39,0.42,1.2,0
24.38044402,0,0,0,0,0,0,0,0,0,0,0,0.39,-0.103,0.093,0.19,0,0.7,0,1.36,1.9,0,1.91,2.41,0.27,0.3,1.95,0.43,0.32,0.56,0.8,0
24.42039119,0,0,0,0,0,0,0,0,0,0,0,0.376,-0.118,0.107,0.29,0,0.71,0,1.43,1.95,0,2.11,2.39,0.32,0.54,1.68,0.27,0.21,0.77,0.72,0
24.46033837,0,0,0,0,0,0,0,0,0,0,0,0.37,-0.12,0.121,0.41,0,1.03,0,1.43,1.88,0,2.31,2.32,0.32,0.94,1.52,0.13,0.08,0.94,0.63,0
24.50028554,0,0,0,0,0,0,0,0,0,0,0,0.367,-0.141,0.127,0.54,0,1.39,0,1.45,2.04,0,2.38,2.23,0.28,1.15,1.29,0,0.02,1.08,0.69,0
24.54023272,0,0,0,0,0,0,0,0,0,0,0,0.363,-0.154,0.137,0.62,0,1.66,0,1.31,2.08,0,2.44,2,0.39,1.56,1.34,0,0,1.1,0.77,0
24.58017989,0,0,0,0,0,0,0,0,0,0,0,0.325,-0.183,0.16,0.58,0,1.62,0,1.21,2.41,0,2.47,1.84,0.46,1.74,1.37,0,0,1.09,0.92,0
24.62012707,0,0,0,0,0,0,0,0,0,0,0,0.311,-0.185,0.163,0.71,0,1.54,0,0.93,2.52,0,2.4,1.6,0.51,2.14,1.71,0.01,0,0.89,0.79,0
24.66007424,0,0,0,0,0,0,0,0,0,0,0,0.318,-0.209,0.179,0.85,0,1.56,0,0.69,2.5,0,2.2,1.49,0.3,2.16,1.9,0.01,0,0.53,0.49,0
24.70002142,0,0,0,0,0,0,0,0,0,0,0,0.303,-0.225,0.189,0.98,0,1.6,0,0.46,2.3,0.05,2.14,1.35,0.28,2.32,2.25,0.01,0,0.31,0.17,0
24.73996859,0,0,0,0,0,0,0,0,0,0,0,0.291,-0.244,0.196,0.89,0,1.65,0,0.45,2.2,0.05,2.23,1.34,0.4,2.26,2.36,0,0,0.19,0.02,0
24.77991577,0,0,0,0,0,0,0,0,0,0,0,0.281,-0.252,0.196,0.87,0,1.61,0,0.47,2.07,0.05,2.35,1.33,0.61,2.39,2.34,0,0,0.25,0,0
24.81986294,0,0,0,0,0,0,0,0,0,0,0,0.271,-0.253,0.185,0.84,0,1.59,0,0.5,2.02,0.01,2.38,1.37,0.68,2.28,2.24,0,0,0.18,0,0
24.85981012,0,0,0,0,0,0,0,0,0,0,0,0.268,-0.255,0.186,0.84,0,1.44,0,0.51,1.71,0.03,2.37,1.43,0.93,2.28,2.14,0,0,0.12,0,0
24.89975729,0,0,0,0,0,0,0,0,0,0,0,0.268,-0.26,0.174,0.84,0,1.35,0,0.61,1.66,0.03,2.44,1.5,1.14,2.28,2.05,0,0,0.07,0,0
24.93970446,0,0,0,0,0,0,0,0,0,0,0,0.26,-0.257,0.168,0.82,0,1.28,0,0.65,1.48,0.02,2.38,1.48,1.26,2.17,1.88,0,0,0.17,0,0
24.97965164,0,0,0,0,0,0,0,0,0,0,0,0.265,-0.266,0.164,0.83,0,1.22,0,0.71,1.48,0,2.4,1.5,1.14,1.95,1.65,0,0,0.23,0,0
25.01959881,0,0,0,0,0,0,0,0,0,0,0,0.262,-0.28,0.161,0.77,0,1.22,0,0.76,1.33,0,2.38,1.54,1.08,1.76,1.57,0,0,0.32,0,0
25.05954599,0,0,0,0,0,0,0,0,0,0,0,0.257,-0.291,0.158,0.73,0,1.25,0,0.88,1.4,0,2.48,1.62,1.09,1.8,1.51,0,0,0.29,0,0
25.09949316,0,0,0,0,0,0,0,0,0,0,0,0.25,-0.296,0.157,0.67,0,1.32,0,0.97,1.52,0,2.51,1.74,1.11,1.85,1.55,0,0,0.32,0,0
25.13944034,0,0,0,0,0,0,0,0,0,0,0,0.258,-0.298,0.15,0.62,0,1.43,0,1.05,1.67,0,2.5,1.82,1.13,1.91,1.44,0,0,0.55,0,0
25.17938751,0,0,0,0,0,0,0,0,0,0,0,0.281,-0.313,0.142,0.56,0,1.58,0,1.09,1.69,0,2.58,1.95,1.06,1.93,1.31,0,0,0.96,0.05,0
25.21933469,0,0,0,0,0,0,0,0,0,0,0,0.288,-0.323,0.139,0.4,0,1.66,0,1.26,1.99,0,2.73,2.03,0.97,2.06,1.13,0,0,1.29,0.05,0.03
25.25928186,0,0,0,0,0,0,0,0,0,0,0,0.26,-0.288,0.128,0.42,0,1.55,0,1.27,2.23,0,2.76,2.08,0.95,2.03,0.98,0,0,1.31,0.05,0.03
25.29922904,0,0,0,0,0,0,0,0,0,0,0,0.276,-0.251,0.117,0.42,0,1.38,0,1.36,2.52,0,2.74,2.16,1.04,2.05,0.91,0,0,1.18,0,0.03
25.33917621,0,0,0,0,0,0,0,0,0,0,0,0.279,-0.249,0.117,0.55,0,1.25,0,1.21,2.32,0,2.58,2.19,1.09,2,1.02,0,0,1.15,0,0
25.37912339,0,0,0,0,0,0,0,0,0,0,0,0.293,-0.214,0.1,0.55,0,1.17,0,1.23,2.15,0,2.49,2.23,1.1,2.1,1.07,0,0,1.29,0,0
25.41907056,0,0,0,0,0,0,0,0,0,0,0,0.296,-0.194,0.086,0.49,0,1.04,0,1.15,1.83,0,2.41,2.21,1.09,2.13,1.25,0,0.03,1.19,0.02,0
25.45901774,0,0,0,0,0,0,0,0,0,0,0,0.287,-0.183,0.075,0.52,0,0.87,0,1.09,1.81,0.02,2.26,2.22,1.03,2.02,1.25,0,0.11,0.87,0.15,0
25.49896491,0,0,0,0,0,0,0,0,0,0,0,0.283,-0.18,0.058,0.68,0,0.7,0,1.01,1.93,0.02,2.23,2.29,1,1.79,1.43,0,0.15,0.39,0.26,0
25.53891209,0,0,0,0,0,0,0,0,0,0,0,0.283,-0.162,0.043,0.93,0,0.55,0,1,2.22,0.02,2.19,2.39,0.94,1.63,1.43,0,0.14,0.1,0.39,0
25.57885926,0,0,0,0,0,0,0,0,0,0,0,0.286,-0.164,0.044,1.09,0,0.41,0,1.04,2.49,0,2.08,2.45,0.94,1.54,1.41,0,0.07,0,0.51,0
25.61880644,0,0,0,0,0,0,0,0,0,0,0,0.283,-0.125,0.038,1.14,0,0.33,0.19,0.93,2.61,0,1.89,2.38,0.88,1.45,1.28,0.18,0.03,0,0.88,0
25.65875361,0,0,0,0,0,0,0,0,0,0,0,0.286,-0.101,0.041,1.27,0,0.28,0.61,0.72,2.69,0,1.62,2.18,0.84,1.35,1.07,0.34,0.01,0,1.32,0
25.69870079,0,0,0,0,0,0,0,0,0,0,0,0.293,-0.066,0.038,1.34,0.04,0.27,1.04,0.49,2.53,0,1.48,1.94,0.77,1.14,0.89,0.52,0.07,0,1.64,0
25.73864796,0,0,0,0,0,0,0,0,0,0,0,0.299,-0.033,0.037,1.36,0.2,0.22,1.25,0.37,2.35,0,1.33,1.79,0.79,0.97,0.73,0.58,0.15,0,1.77,0
25.77859514,0,0,0,0,0,0,0,0,0,0,0,0.282,-0.008,0.037,1.3,0.35,0.16,1.26,0.3,2.16,0,1.23,1.73,0.75,0.82,0.75,0.68,0.25,0,1.88,0
25.81854231,0,0,0,0,0,0,0,0,0,0,0,0.284,-0.01,0.04,1.31,0.52,0.1,1.3,0.31,2.25,0,1.18,1.73,0.79,0.67,0.75,0.85,0.24,0,2.05,0
25.85848949,0,0,0,0,0,0,0,0,0,0,0,0.258,0.008,0.037,1.35,0.58,0.05,1.23,0.33,2.28,0,1.07,1.71,0.76,0.43,0.79,0.96,0.23,0,2.13,0
25.89843666,0,0,0,0,0,0,0,0,0,0,0,0.226,0.009,0.026,1.52,0.71,0,1.23,0.36,2.36,0,0.82,1.69,0.67,0.14,0.95,0.96,0.13,0,2.04,0
25.93838384,0,0,0,0,0,0,0,0,0,0,0,0.202,0.004,0.017,1.71,0.79,0,1.16,0.34,2.14,0,0.43,1.63,0.48,0,1.2,1.01,0.08,0,1.96,0
25.97833101,0,0,0,0,0,0,0,0,0,0,0,0.166,0.009,0.01,1.96,0.98,0,1.11,0.3,2.08,0,0.16,1.54,0.38,0,1.15,0.93,0,0,1.89,0
26.01827819,0,0,0,0,0,0,0,0,0,0,0,0.142,0.014,0.008,2.06,1.02,0,1.04,0.28,2,0,0.02,1.49,0.32,0,1.16,0.86,0,0,2.11,0
26.05822536,0,0,0,0,0,0,0,0,0,0,0,0.16,0.014,0.006,2.05,0.98,0,1.01,0.3,1.8,0,0.02,1.47,0.38,0,1.03,0.71,0,0,2.1,0
26.09817253,0,0,0,0,0,0,0,0,0,0,0,0.125,0.021,0.009,1.95,0.79,0,1,0.33,1.78,0,0,1.55,0.33,0,1.01,0.63,0,0,2.07,0
26.13811971,0,0,0,0,0,0,0,0,0,0,0,0.117,0.026,0.012,1.94,0.83,0,1.01,0.33,1.68,0,0,1.56,0.29,0,0.78,0.8,0,0,1.96,0
26.17806688,0,0,0,0,0,0,0,0,0,0,0,0.162,0.031,0.018,2.08,0.94,0,0.9,0.27,1.81,0,0.03,1.69,0.57,0,0.48,0.57,0,0.1,1.63,0
26.21801406,0,0,0,0,0,0,0,0,0,0,0,0.248,0.036,0.022,2.1,0.97,0,0.65,0.32,1.77,0,0.22,1.99,0.99,0,0.29,0.39,0,0.31,1.39,0
26.25796123,0,0,0,0,0,0,0,0,0,0,0,0.331,0.05,0.032,2.04,0.84,0,0.47,0.38,1.94,0,0.38,2.31,1.46,0,0.14,0.01,0,0.48,1.02,0
26.29790841,0,0,0,0,0,0,0,0,0,0,0,0.328,0.047,0.037,1.81,0.59,0,0.35,0.6,2.02,0,0.6,2.62,1.35,0,0.15,0,0,0.59,0.91,0
26.33785558,0,0,0,0,0,0,0,0,0,0,0,0.371,0.047,0.048,1.68,0.46,0,0.4,0.87,2.55,0,0.78,2.74,1.23,0,0.29,0,0,0.61,0.95,0.38
26.37780276,0,0,0,0,0,0,0,0,0,0,0,0.395,0.04,0.057,1.54,0.22,0.07,0.21,1.18,2.51,0,1.11,2.92,1.15,0,0.48,0,0,0.59,0.97,1.01
26.41774993,0,0,0,0,0,0,0,0,0,0,0,0.41,0.022,0.061,1.25,0.09,0.16,0.08,1.49,2.7,0,1.3,2.96,1.12,0,0.74,0,0.28,0.48,1.04,1.22
26.45769711,0,0,0,0,0,0,0,0,0,0,0,0.404,0.008,0.064,0.98,0,0.16,0.03,1.52,2.14,0,1.3,2.94,0.9,0,0.88,0,0.66,0.47,0.94,0.84
26.49764428,0,0,0,0,0,0,0,0,0,0,0,0.409,0.001,0.058,0.74,0,0.09,0.12,1.51,2.04,0,1.12,2.88,0.71,0,0.99,0,1.05,0.5,0.92,0.21
26.53759146,0,0,0,0,0,0,0,0,0,0,0,0.397,-0.002,0.058,0.64,0,0,0.47,1.28,1.79,0,1.04,2.76,0.68,0,0.94,0,1.24,0.39,1.06,0
26.57753863,0,0,0,0,0,0,0,0,0,0,0,0.422,-0.014,0.053,0.41,0,0,0.82,1.18,1.46,0,1.14,2.68,0.74,0,1.16,0.09,1.39,0.17,1.31,0
26.61748581,0,0,0,0,0,0,0,0,0,0,0,0.451,-0.037,0.05,0.16,0,0.07,0.83,1.1,1.13,0,1.47,2.59,0.8,0,1.46,0.12,1.52,0.01,1.49,0
26.65743298,0,0,0,0,0,0,0,0,0,0,0,0.468,-0.059,0.039,0,0,0.11,0.48,1.13,0.77,0,1.86,2.54,0.86,0,1.95,0.12,1.6,0,1.48,0
26.69738016,0,0,0,0,0,0,0,0,0,0,0,0.462,-0.08,0.037,0.01,0,0.19,0.12,1.15,0.65,0,2.06,2.53,1.01,0,1.99,0.02,1.57,0.04,1.29,0
26.73732733,0,0,0,0,0,0,0,0,0,0,0,0.462,-0.091,0.033,0.01,0,0.27,0.03,1.2,0.47,0,2.03,2.54,1.06,0,1.96,0,1.56,0.04,1.21,0
26.77727451,0,0,0,0,0,0,0,0,0,0,0,0.46,-0.09,0.034,0.01,0,0.25,0.03,1.19,0.31,0,1.95,2.6,1.04,0,1.88,0,1.53,0.04,1.23,0
26.81722168,0,0,0,0,0,0,0,0,0,0,0,0.452,-0.097,0.029,0.05,0,0.2,0.07,1.17,0.29,0,1.87,2.62,0.93,0,1.91,0,1.51,0.08,1.27,0
26.85716886,0,0,0,0,0,0,0,0,0,0,0,0.452,-0.1,0.023,0.15,0,0.07,0.16,1.06,0.2,0,1.81,2.6,0.9,0,1.86,0,1.43,0.15,1.19,0
26.89711603,0,0,0,0,0,0,0,0,0,0,0,0.466,-0.101,0.022,0.22,0,0.05,0.3,0.91,0.12,0,1.48,2.5,0.96,0,1.6,0,1.32,0.3,1.14,0
26.93706321,0,0,0,0,0,0,0,0,0,0,0,0.443,-0.107,0.014,0.42,0.18,0.01,0.26,0.63,0.06,0,1.15,2.43,1.12,0,1.4,0,1.37,0.22,1.15,0
26.97701038,0,0,0,0,0,0,0,0,0,0,0,0.414,-0.112,0.006,0.52,0.39,0.01,0.19,0.46,0.14,0,0.83,2.38,1.29,0,1.22,0,1.46,0.15,1.16,0
27.01695756,0,0,0,0,0,0,0,0,0,0,0,0.427,-0.111,0.005,0.8,0.66,0,0.34,0.35,0.42,0,0.7,2.4,1.39,0,1.14,0,1.5,0,1.44,0
27.05690473,0,0,0,0,0,0,0,0,0,0,0,0.424,-0.102,0.004,0.87,0.78,0,0.52,0.31,0.6,0,0.69,2.36,1.3,0,1.11,0,1.43,0,1.79,0
27.09685191,0,0,0,0,0,0,0,0,0,0,0,0.424,-0.104,0.009,0.98,0.8,0,0.7,0.24,0.82,0,0.68,2.33,1.18,0,1.1,0,1.49,0.03,1.99,0
27.13679908,0,0,0,0,0,0,0,0,0,0,0,0.406,-0.106,0.008,0.92,0.69,0,0.63,0.21,0.91,0,0.65,2.29,1.09,0,1.22,0,1.7,0.08,1.76,0
