timestamp,0,1,2,3
0.04,1,0,0,0
0.08,1,0,0,0
0.12,1,0,0,0
0.16,1,0,0,0
0.2,1,0,0,0
0.24000000000000002,1,0,0,0
0.28,1,0,0,0
0.32,1,0,0,0
0.36,0,1,0,0
0.39999999999999997,0,1,0,0
0.43999999999999995,0,1,0,0
0.4799999999999999,0,1,0,0
0.5199999999999999,0,1,0,0
0.5599999999999999,0,1,0,0
0.6,0,1,0,0
0.64,0,1,0,0
0.68,0,1,0,0
0.7200000000000001,0,1,0,0
0.7600000000000001,1,0,0,0
0.8000000000000002,1,0,0,0
0.8400000000000002,1,0,0,0
0.8800000000000002,1,0,0,0
0.9200000000000003,1,0,0,0
0.9600000000000003,0,0,0,1
1.0000000000000002,0,0,0,1
1.0400000000000003,0,0,0,1
1.0800000000000003,0,0,0,1
1.1200000000000003,0,0,0,1
1.1600000000000004,0,0,0,1
1.2000000000000004,0,0,0,1
1.2400000000000004,0,0,0,1
1.2800000000000005,0,0,0,1
1.3200000000000005,0,0,0,1
1.3600000000000005,0,0,0,1
1.4000000000000006,0,0,0,1
1.4400000000000006,0,0,0,1
1.4800000000000006,0,0,0,1
1.5200000000000007,0,0,0,1
1.5600000000000007,0,0,0,1
1.6000000000000008,0,0,0,1
1.6400000000000008,0,0,0,1
1.6800000000000008,0,0,0,1
1.7200000000000009,1,0,0,0
1.760000000000001,1,0,0,0
1.800000000000001,1,0,0,0
1.840000000000001,1,0,0,0
1.880000000000001,1,0,0,0
1.920000000000001,1,0,0,0
1.960000000000001,1,0,0,0
2.000000000000001,1,0,0,0
2.040000000000001,1,0,0,0
2.080000000000001,1,0,0,0
2.120000000000001,1,0,0,0
2.160000000000001,1,0,0,0
2.200000000000001,1,0,0,0
2.240000000000001,1,0,0,0
2.280000000000001,1,0,0,0
2.320000000000001,1,0,0,0
2.360000000000001,1,0,0,0
2.4000000000000012,1,0,0,0
2.4400000000000013,1,0,0,0
2.4800000000000013,1,0,0,0
2.5200000000000014,1,0,0,0
2.5600000000000014,1,0,0,0
2.6000000000000014,1,0,0,0
2.6400000000000015,1,0,0,0
2.6800000000000015,1,0,0,0
2.7200000000000015,1,0,0,0
2.7600000000000016,1,0,0,0
2.8000000000000016,1,0,0,0
2.8400000000000016,1,0,0,0
2.8800000000000017,1,0,0,0
2.9200000000000017,0,0,0,1
2.9600000000000017,0,0,0,1
3.0000000000000018,0,0,0,1
3.040000000000002,0,0,0,1
3.080000000000002,0,0,0,1
3.120000000000002,0,0,0,1
3.160000000000002,0,0,0,1
3.200000000000002,0,0,0,1
3.240000000000002,1,0,0,0
3.280000000000002,1,0,0,0
3.320000000000002,1,0,0,0
3.360000000000002,0,0,0,1
3.400000000000002,0,0,0,1
3.440000000000002,0,0,0,1
3.480000000000002,0,0,0,1
3.5200000000000022,0,0,0,1
3.5600000000000023,0,0,0,1
3.6000000000000023,0,0,0,1
3.6400000000000023,0,0,0,1
3.6800000000000024,0,0,0,1
3.7200000000000024,0,1,0,0
3.7600000000000025,0,1,0,0
3.8000000000000025,0,1,0,0
3.8400000000000025,0,1,0,0
3.8800000000000026,0,1,0,0
3.9200000000000026,0,1,0,0
3.9600000000000026,0,1,0,0
4.000000000000003,0,1,0,0
4.040000000000003,0,1,0,0
4.080000000000003,0,1,0,0
4.120000000000003,0,1,0,0
4.160000000000003,0,1,0,0
4.200000000000003,0,1,0,0
4.240000000000003,0,1,0,0
4.280000000000003,0,1,0,0
4.320000000000003,0,1,0,0
4.360000000000003,0,1,0,0
4.400000000000003,0,1,0,0
4.440000000000003,0,1,0,0
4.480000000000003,0,1,0,0
4.520000000000003,0,1,0,0
4.560000000000003,0,1,0,0
4.600000000000003,0,1,0,0
4.640000000000003,0,1,0,0
4.680000000000003,0,1,0,0
4.720000000000003,0,1,0,0
4.760000000000003,0,1,0,0
4.800000000000003,0,1,0,0
4.840000000000003,0,1,0,0
4.8800000000000034,0,1,0,0
4.9200000000000035,1,0,0,0
4.9600000000000035,1,0,0,0
5.0000000000000036,1,0,0,0
5.040000000000004,1,0,0,0
5.080000000000004,1,0,0,0
5.120000000000004,1,0,0,0
5.160000000000004,1,0,0,0
5.200000000000004,1,0,0,0
5.240000000000004,1,0,0,0
5.280000000000004,1,0,0,0
5.320000000000004,1,0,0,0
5.360000000000004,1,0,0,0
5.400000000000004,1,0,0,0
5.440000000000004,1,0,0,0
5.480000000000004,1,0,0,0
5.520000000000004,1,0,0,0
5.560000000000004,1,0,0,0
5.600000000000004,0,1,0,0
5.640000000000004,0,1,0,0
5.680000000000004,0,1,0,0
5.720000000000004,0,1,0,0
5.760000000000004,0,1,0,0
5.800000000000004,0,1,0,0
5.840000000000004,0,1,0,0
5.880000000000004,0,1,0,0
5.920000000000004,0,0,0,1
5.960000000000004,0,0,0,1
6.000000000000004,0,1,0,0
6.0400000000000045,0,1,0,0
6.0800000000000045,0,1,0,0
6.1200000000000045,0,1,0,0
6.160000000000005,0,1,0,0
6.200000000000005,0,1,0,0
6.240000000000005,0,1,0,0
6.280000000000005,0,1,0,0
6.320000000000005,0,1,0,0
6.360000000000005,0,1,0,0
6.400000000000005,0,1,0,0
6.440000000000005,0,1,0,0
6.480000000000005,0,1,0,0
6.520000000000005,0,1,0,0
6.560000000000005,0,1,0,0
6.600000000000005,0,1,0,0
6.640000000000005,0,1,0,0
6.680000000000005,0,1,0,0
6.720000000000005,0,1,0,0
6.760000000000005,0,1,0,0
6.800000000000005,0,1,0,0
6.840000000000005,0,1,0,0
6.880000000000005,0,1,0,0
6.920000000000005,0,1,0,0
6.960000000000005,0,1,0,0
7.000000000000005,0,1,0,0
7.040000000000005,0,1,0,0
7.080000000000005,0,1,0,0
7.120000000000005,0,1,0,0
7.1600000000000055,0,1,0,0
7.2000000000000055,0,1,0,0
7.2400000000000055,0,1,0,0
7.280000000000006,0,1,0,0
7.320000000000006,0,1,0,0
7.360000000000006,1,0,0,0
7.400000000000006,1,0,0,0
7.440000000000006,1,0,0,0
7.480000000000006,1,0,0,0
7.520000000000006,1,0,0,0
7.560000000000006,1,0,0,0
7.600000000000006,1,0,0,0
7.640000000000006,1,0,0,0
7.680000000000006,1,0,0,0
7.720000000000006,1,0,0,0
7.760000000000006,1,0,0,0
7.800000000000006,1,0,0,0
7.840000000000006,1,0,0,0
7.880000000000006,1,0,0,0
7.920000000000006,1,0,0,0
7.960000000000006,1,0,0,0
8.000000000000005,1,0,0,0
8.040000000000004,1,0,0,0
8.080000000000004,1,0,0,0
8.120000000000003,1,0,0,0
8.160000000000002,1,0,0,0
8.200000000000001,1,0,0,0
8.24,1,0,0,0
8.28,1,0,0,0
8.319999999999999,1,0,0,0
8.359999999999998,0,0,0,1
8.399999999999997,0,0,0,1
8.439999999999996,0,0,0,1
8.479999999999995,0,0,0,1
8.519999999999994,0,0,0,1
8.559999999999993,0,0,0,1
8.599999999999993,0,0,0,1
8.639999999999992,0,1,0,0
8.67999999999999,0,1,0,0
8.71999999999999,0,1,0,0
8.75999999999999,0,1,0,0
8.799999999999988,0,1,0,0
8.839999999999987,0,1,0,0
8.879999999999987,0,1,0,0
8.919999999999986,0,1,0,0
8.959999999999985,0,1,0,0
8.999999999999984,0,1,0,0
9.039999999999983,0,1,0,0
9.079999999999982,0,1,0,0
9.119999999999981,0,1,0,0
9.15999999999998,0,1,0,0
9.19999999999998,0,1,0,0
9.239999999999979,0,1,0,0
9.279999999999978,0,1,0,0
9.319999999999977,0,1,0,0
9.359999999999976,0,1,0,0
9.399999999999975,0,1,0,0
9.439999999999975,0,1,0,0
9.479999999999974,0,1,0,0
9.519999999999973,0,1,0,0
9.559999999999972,0,1,0,0
9.599999999999971,0,1,0,0
9.63999999999997,0,1,0,0
9.67999999999997,0,1,0,0
9.719999999999969,0,1,0,0
9.759999999999968,0,1,0,0
9.799999999999967,0,1,0,0
9.839999999999966,0,1,0,0
9.879999999999965,0,1,0,0
9.919999999999964,0,1,0,0
9.959999999999964,0,1,0,0
9.999999999999963,0,1,0,0
10.039999999999962,1,0,0,0
10.079999999999961,1,0,0,0
10.11999999999996,1,0,0,0
10.15999999999996,1,0,0,0
10.199999999999958,1,0,0,0
10.239999999999958,1,0,0,0
10.279999999999957,0,0,1,0
10.319999999999956,0,0,1,0
10.359999999999955,0,0,1,0
10.399999999999954,0,0,1,0
10.439999999999953,0,0,1,0
10.479999999999952,0,0,1,0
10.519999999999952,0,0,1,0
10.55999999999995,0,0,1,0
10.59999999999995,0,0,1,0
10.639999999999949,0,0,1,0
10.679999999999948,0,0,1,0
10.719999999999947,0,0,1,0
10.759999999999946,0,0,1,0
10.799999999999946,0,0,1,0
10.839999999999945,0,0,1,0
10.879999999999944,0,0,1,0
10.919999999999943,0,0,1,0
10.959999999999942,0,0,1,0
10.999999999999941,0,0,1,0
11.03999999999994,0,0,1,0
11.07999999999994,0,0,1,0
11.119999999999939,0,0,1,0
11.159999999999938,0,0,1,0
11.199999999999937,0,0,1,0
11.239999999999936,0,0,1,0
11.279999999999935,0,0,1,0
11.319999999999935,0,0,1,0
11.359999999999934,0,0,1,0
11.399999999999933,0,0,1,0
11.439999999999932,0,0,1,0
11.479999999999931,0,0,1,0
11.51999999999993,0,0,1,0
11.55999999999993,0,0,1,0
11.599999999999929,0,0,1,0
11.639999999999928,0,0,1,0
11.679999999999927,0,0,1,0
11.719999999999926,0,0,1,0
11.759999999999925,0,0,1,0
11.799999999999924,0,0,1,0
11.839999999999923,0,0,1,0
11.879999999999923,0,0,1,0
11.919999999999922,0,0,1,0
11.959999999999921,0,0,1,0
11.99999999999992,0,0,1,0
12.03999999999992,0,0,1,0
12.079999999999918,0,0,1,0
12.119999999999918,0,0,1,0
12.159999999999917,0,0,1,0
12.199999999999916,0,0,1,0
12.239999999999915,0,0,1,0
12.279999999999914,0,0,1,0
12.319999999999913,0,0,1,0
12.359999999999912,0,0,1,0
12.399999999999912,0,0,1,0
12.43999999999991,0,0,1,0
12.47999999999991,0,0,1,0
12.519999999999909,0,0,1,0
12.559999999999908,0,0,1,0
12.599999999999907,0,0,1,0
12.639999999999906,0,0,1,0
12.679999999999906,0,0,1,0
12.719999999999905,1,0,0,0
12.759999999999904,1,0,0,0
12.799999999999903,1,0,0,0
12.839999999999904,0,1,0,0
12.879999999999903,0,1,0,0
12.919999999999902,0,1,0,0
12.959999999999901,0,1,0,0
12.9999999999999,0,1,0,0
13.0399999999999,0,1,0,0
13.079999999999899,0,1,0,0
13.119999999999898,0,1,0,0
13.159999999999897,0,1,0,0
13.199999999999896,0,1,0,0
13.239999999999895,0,1,0,0
13.279999999999895,0,1,0,0
13.319999999999894,0,1,0,0
13.359999999999893,0,1,0,0
13.399999999999892,0,1,0,0
13.439999999999891,0,1,0,0
13.47999999999989,0,1,0,0
13.51999999999989,0,1,0,0
13.559999999999889,0,1,0,0
13.599999999999888,0,1,0,0
13.639999999999887,0,1,0,0
13.679999999999886,0,1,0,0
13.719999999999885,1,0,0,0
13.759999999999884,1,0,0,0
13.799999999999883,1,0,0,0
13.839999999999883,0,1,0,0
13.879999999999882,0,1,0,0
13.919999999999881,0,1,0,0
13.95999999999988,0,1,0,0
13.99999999999988,0,1,0,0
14.039999999999878,0,1,0,0
14.079999999999878,0,1,0,0
14.119999999999877,0,1,0,0
14.159999999999876,1,0,0,0
14.199999999999875,1,0,0,0
14.239999999999874,1,0,0,0
14.279999999999873,1,0,0,0
14.319999999999872,1,0,0,0
14.359999999999872,1,0,0,0
14.39999999999987,1,0,0,0
14.43999999999987,1,0,0,0
14.479999999999869,1,0,0,0
14.519999999999868,0,0,0,1
14.559999999999867,0,0,0,1
14.599999999999866,0,0,0,1
14.639999999999866,0,0,0,1
14.679999999999865,0,0,0,1
14.719999999999864,0,0,0,1
14.759999999999863,0,0,0,1
14.799999999999862,0,0,1,0
14.839999999999861,0,0,1,0
14.87999999999986,0,0,1,0
14.91999999999986,0,0,1,0
14.959999999999859,0,0,1,0
14.999999999999858,0,0,1,0
15.039999999999857,0,0,1,0
15.079999999999856,0,0,1,0
15.119999999999855,1,0,0,0
15.159999999999854,1,0,0,0
15.199999999999854,1,0,0,0
15.239999999999853,1,0,0,0
15.279999999999852,1,0,0,0
15.319999999999851,1,0,0,0
15.35999999999985,1,0,0,0
15.39999999999985,1,0,0,0
15.439999999999849,1,0,0,0
15.479999999999848,1,0,0,0
15.519999999999847,1,0,0,0
15.559999999999846,1,0,0,0
15.599999999999845,1,0,0,0
15.639999999999844,1,0,0,0
15.679999999999843,1,0,0,0
15.719999999999843,1,0,0,0
15.759999999999842,1,0,0,0
15.79999999999984,1,0,0,0
15.83999999999984,1,0,0,0
15.87999999999984,0,0,1,0
15.919999999999838,0,0,1,0
15.959999999999837,0,0,1,0
15.999999999999837,0,0,1,0
16.039999999999836,0,0,1,0
16.079999999999835,0,0,1,0
16.119999999999834,0,0,1,0
16.159999999999833,0,0,1,0
16.199999999999832,0,0,1,0
16.23999999999983,0,0,1,0
16.27999999999983,0,0,1,0
16.31999999999983,0,0,1,0
16.35999999999983,0,0,1,0
16.399999999999828,0,0,1,0
16.439999999999827,0,0,1,0
16.479999999999826,0,0,1,0
16.519999999999825,0,0,1,0
16.559999999999825,0,0,1,0
16.599999999999824,0,0,1,0
16.639999999999823,0,0,1,0
16.679999999999822,0,0,1,0
16.71999999999982,0,0,1,0
16.75999999999982,0,0,1,0
16.79999999999982,0,0,1,0
16.83999999999982,0,0,1,0
16.879999999999818,0,0,1,0
16.919999999999817,0,0,1,0
16.959999999999816,0,0,1,0
16.999999999999815,0,0,1,0
17.039999999999814,0,1,0,0
17.079999999999814,0,1,0,0
17.119999999999813,0,1,0,0
17.159999999999812,0,1,0,0
17.19999999999981,0,1,0,0
17.23999999999981,1,0,0,0
17.27999999999981,1,0,0,0
17.31999999999981,1,0,0,0
17.359999999999808,1,0,0,0
17.399999999999807,1,0,0,0
17.439999999999806,1,0,0,0
17.479999999999805,1,0,0,0
17.519999999999804,1,0,0,0
17.559999999999803,1,0,0,0
17.599999999999802,1,0,0,0
17.6399999999998,1,0,0,0
17.6799999999998,1,0,0,0
17.7199999999998,1,0,0,0
17.7599999999998,1,0,0,0
17.799999999999798,1,0,0,0
17.839999999999797,1,0,0,0
17.879999999999797,1,0,0,0
17.919999999999796,1,0,0,0
17.959999999999795,1,0,0,0
17.999999999999794,1,0,0,0
18.039999999999793,1,0,0,0
18.079999999999792,1,0,0,0
18.11999999999979,1,0,0,0
18.15999999999979,1,0,0,0
18.19999999999979,1,0,0,0
18.23999999999979,1,0,0,0
18.279999999999788,1,0,0,0
18.319999999999787,1,0,0,0
18.359999999999786,1,0,0,0
18.399999999999785,1,0,0,0
18.439999999999785,1,0,0,0
18.479999999999784,1,0,0,0
18.519999999999783,1,0,0,0
18.559999999999782,1,0,0,0
18.59999999999978,1,0,0,0
18.63999999999978,1,0,0,0
18.67999999999978,1,0,0,0
18.71999999999978,1,0,0,0
18.759999999999778,1,0,0,0
18.799999999999777,1,0,0,0
18.839999999999776,1,0,0,0
18.879999999999775,1,0,0,0
18.919999999999774,0,1,0,0
18.959999999999773,0,1,0,0
18.999999999999773,0,1,0,0
19.03999999999977,0,1,0,0
19.07999999999977,0,1,0,0
19.11999999999977,0,1,0,0
19.15999999999977,0,1,0,0
19.19999999999977,0,1,0,0
19.239999999999768,0,1,0,0
19.279999999999767,0,1,0,0
19.319999999999766,0,1,0,0
19.359999999999765,0,1,0,0
19.399999999999764,0,1,0,0
19.439999999999763,0,1,0,0
19.479999999999762,0,1,0,0
19.51999999999976,0,1,0,0
19.55999999999976,0,1,0,0
19.59999999999976,0,1,0,0
19.63999999999976,0,1,0,0
19.679999999999758,0,1,0,0
19.719999999999757,0,1,0,0
19.759999999999756,0,1,0,0
19.799999999999756,0,1,0,0
19.839999999999755,0,1,0,0
19.879999999999754,0,1,0,0
19.919999999999753,0,1,0,0
19.959999999999752,0,1,0,0
19.99999999999975,0,1,0,0
20.03999999999975,0,1,0,0
20.07999999999975,0,1,0,0
20.11999999999975,0,1,0,0
20.159999999999748,0,1,0,0
20.199999999999747,0,1,0,0
20.239999999999746,0,0,1,0
20.279999999999745,0,0,1,0
20.319999999999744,0,0,1,0
20.359999999999744,1,0,0,0
20.399999999999743,1,0,0,0
20.439999999999742,1,0,0,0
20.47999999999974,1,0,0,0
20.51999999999974,0,1,0,0
20.55999999999974,0,1,0,0
20.59999999999974,0,1,0,0
20.639999999999738,0,1,0,0
20.679999999999737,0,1,0,0
20.719999999999736,0,1,0,0
20.759999999999735,0,1,0,0
20.799999999999734,0,1,0,0
20.839999999999733,0,1,0,0
20.879999999999733,0,1,0,0
20.91999999999973,0,1,0,0
20.95999999999973,0,1,0,0
20.99999999999973,0,1,0,0
21.03999999999973,0,1,0,0
21.07999999999973,0,1,0,0
21.119999999999727,0,1,0,0
21.159999999999727,0,1,0,0
21.199999999999726,0,1,0,0
21.239999999999725,0,1,0,0
21.279999999999724,0,1,0,0
21.319999999999723,0,1,0,0
21.359999999999722,0,1,0,0
21.39999999999972,0,1,0,0
21.43999999999972,0,1,0,0
21.47999999999972,0,1,0,0
21.51999999999972,0,1,0,0
21.559999999999718,0,1,0,0
21.599999999999717,0,1,0,0
21.639999999999716,0,1,0,0
21.679999999999715,0,1,0,0
21.719999999999715,0,1,0,0
21.759999999999714,0,1,0,0
21.799999999999713,0,1,0,0
21.839999999999712,1,0,0,0
21.87999999999971,1,0,0,0
21.91999999999971,1,0,0,0
21.95999999999971,1,0,0,0
21.99999999999971,1,0,0,0
22.039999999999708,1,0,0,0
22.079999999999707,1,0,0,0
22.119999999999706,1,0,0,0
22.159999999999705,1,0,0,0
22.199999999999704,1,0,0,0
22.239999999999704,1,0,0,0
22.279999999999703,1,0,0,0
22.319999999999702,1,0,0,0
22.3599999999997,1,0,0,0
22.3999999999997,1,0,0,0
22.4399999999997,1,0,0,0
22.4799999999997,1,0,0,0
22.519999999999698,1,0,0,0
22.559999999999697,1,0,0,0
22.599999999999696,1,0,0,0
22.639999999999695,1,0,0,0
22.679999999999694,1,0,0,0
22.719999999999693,1,0,0,0
22.759999999999692,1,0,0,0
22.79999999999969,1,0,0,0
22.83999999999969,1,0,0,0
22.87999999999969,1,0,0,0
22.91999999999969,1,0,0,0
22.959999999999688,1,0,0,0
22.999999999999687,1,0,0,0
23.039999999999687,1,0,0,0
23.079999999999686,1,0,0,0
23.119999999999685,1,0,0,0
23.159999999999684,1,0,0,0
23.199999999999683,1,0,0,0
23.239999999999682,0,0,1,0
23.27999999999968,0,0,1,0
23.31999999999968,0,0,1,0
23.35999999999968,0,0,1,0
23.39999999999968,0,0,1,0
23.439999999999678,0,0,1,0
23.479999999999677,0,0,1,0
23.519999999999676,0,0,1,0
23.559999999999675,0,0,1,0
23.599999999999675,0,0,1,0
23.639999999999674,0,0,1,0
23.679999999999673,0,0,1,0
23.719999999999672,0,0,1,0
23.75999999999967,0,0,1,0
23.79999999999967,0,0,1,0
23.83999999999967,0,0,1,0
23.87999999999967,0,0,1,0
23.919999999999668,0,0,1,0
23.959999999999667,0,0,1,0
23.999999999999666,0,0,1,0
24.039999999999665,0,0,1,0
24.079999999999664,0,0,1,0
24.119999999999663,0,0,1,0
24.159999999999663,0,0,1,0
24.199999999999662,0,0,1,0
24.23999999999966,0,0,1,0
24.27999999999966,0,0,1,0
24.31999999999966,0,0,1,0
24.35999999999966,0,0,1,0
24.399999999999658,0,0,1,0
24.439999999999657,0,0,1,0
24.479999999999656,0,0,0,1
24.519999999999655,0,0,0,1
24.559999999999654,0,0,0,1
24.599999999999653,0,0,0,1
24.639999999999652,0,0,0,1
24.67999999999965,0,0,0,1
24.71999999999965,0,0,0,1
24.75999999999965,0,0,0,1
24.79999999999965,0,0,0,1
24.839999999999648,0,0,0,1
24.879999999999647,0,0,0,1
24.919999999999646,0,0,0,1
24.959999999999646,0,0,0,1
24.999999999999645,0,0,0,1
25.039999999999644,0,0,0,1
25.079999999999643,0,0,0,1
25.119999999999642,0,0,0,1
25.15999999999964,0,0,0,1
25.19999999999964,0,0,0,1
25.23999999999964,0,0,0,1
25.27999999999964,0,0,0,1
25.319999999999638,1,0,0,0
25.359999999999637,1,0,0,0
25.399999999999636,1,0,0,0
25.439999999999635,1,0,0,0
25.479999999999634,1,0,0,0
25.519999999999634,1,0,0,0
25.559999999999633,1,0,0,0
25.599999999999632,1,0,0,0
25.63999999999963,1,0,0,0
25.67999999999963,1,0,0,0
25.71999999999963,1,0,0,0
25.75999999999963,1,0,0,0
25.799999999999628,1,0,0,0
25.839999999999627,1,0,0,0
25.879999999999626,1,0,0,0
25.919999999999625,1,0,0,0
25.959999999999624,1,0,0,0
25.999999999999623,1,0,0,0
26.039999999999623,1,0,0,0
26.07999999999962,1,0,0,0
26.11999999999962,1,0,0,0
26.15999999999962,0,0,1,0
26.19999999999962,0,0,1,0
26.23999999999962,0,0,1,0
26.279999999999617,0,0,1,0
26.319999999999617,0,0,1,0
26.359999999999616,0,0,1,0
26.399999999999615,0,0,1,0
26.439999999999614,0,0,1,0
26.479999999999613,0,0,1,0
26.519999999999612,0,0,1,0
26.55999999999961,0,0,1,0
26.59999999999961,0,0,1,0
26.63999999999961,0,0,1,0
26.67999999999961,0,1,0,0
26.719999999999608,0,1,0,0
26.759999999999607,0,1,0,0
26.799999999999606,0,1,0,0
26.839999999999606,0,1,0,0
26.879999999999605,0,1,0,0
26.919999999999604,0,1,0,0
26.959999999999603,0,1,0,0
26.999999999999602,0,1,0,0
27.0399999999996,0,0,1,0
27.0799999999996,0,0,1,0
27.1199999999996,0,0,1,0
27.1599999999996,0,0,1,0
27.199999999999598,0,0,1,0
27.239999999999597,0,0,1,0
27.279999999999596,0,0,1,0
27.319999999999595,0,0,1,0
27.359999999999594,0,0,1,0
27.399999999999594,0,0,1,0
27.439999999999593,0,0,1,0
27.479999999999592,0,0,1,0
27.51999999999959,0,0,1,0
27.55999999999959,0,0,1,0
27.59999999999959,0,0,1,0
27.63999999999959,0,0,1,0
27.679999999999588,0,0,1,0
27.719999999999587,0,0,1,0
27.759999999999586,0,1,0,0
27.799999999999585,0,1,0,0
27.839999999999584,1,0,0,0
27.879999999999583,1,0,0,0
27.919999999999582,1,0,0,0
27.95999999999958,1,0,0,0
27.99999999999958,1,0,0,0
28.03999999999958,1,0,0,0
28.07999999999958,1,0,0,0
28.119999999999578,1,0,0,0
28.159999999999577,1,0,0,0
28.199999999999577,1,0,0,0
28.239999999999576,1,0,0,0
28.279999999999575,1,0,0,0
28.319999999999574,1,0,0,0
28.359999999999573,1,0,0,0
28.399999999999572,1,0,0,0
28.43999999999957,1,0,0,0
28.47999999999957,1,0,0,0
28.51999999999957,0,1,0,0
28.55999999999957,0,1,0,0
28.599999999999568,0,1,0,0
28.639999999999567,0,1,0,0
28.679999999999566,0,1,0,0
28.719999999999565,0,1,0,0
28.759999999999565,0,1,0,0
28.799999999999564,0,1,0,0
28.839999999999563,0,1,0,0
28.879999999999562,0,1,0,0
28.91999999999956,0,1,0,0
28.95999999999956,0,1,0,0
28.99999999999956,0,1,0,0
29.03999999999956,0,1,0,0
29.079999999999558,1,0,0,0
29.119999999999557,1,0,0,0
29.159999999999556,1,0,0,0
29.199999999999555,0,0,0,1
29.239999999999554,0,0,0,1
29.279999999999553,0,0,0,1
29.319999999999553,0,0,0,1
29.359999999999552,0,0,0,1
29.39999999999955,0,0,0,1
29.43999999999955,0,0,0,1
29.47999999999955,0,0,0,1
29.51999999999955,0,0,0,1
29.559999999999548,0,0,0,1
29.599999999999547,0,0,0,1
29.639999999999546,0,0,0,1
29.679999999999545,0,0,0,1
29.719999999999544,0,0,0,1
29.759999999999543,0,0,0,1
29.799999999999542,0,0,0,1
29.83999999999954,0,0,0,1
29.87999999999954,0,0,0,1
29.91999999999954,0,0,0,1
29.95999999999954,0,0,0,1
29.999999999999538,0,0,0,1
30.039999999999537,0,0,0,1
30.079999999999536,0,0,0,1
30.119999999999536,0,0,0,1
30.159999999999535,0,0,0,1
30.199999999999534,0,0,0,1
30.239999999999533,0,0,0,1
30.279999999999532,0,0,0,1
30.31999999999953,0,0,0,1
30.35999999999953,0,0,0,1
30.39999999999953,0,0,0,1
30.43999999999953,0,0,0,1
30.479999999999528,0,0,0,1
30.519999999999527,0,0,0,1
30.559999999999526,0,0,0,1
30.599999999999525,1,0,0,0
30.639999999999525,1,0,0,0
30.679999999999524,1,0,0,0
30.719999999999523,1,0,0,0
30.759999999999522,0,1,0,0
30.79999999999952,0,1,0,0
30.83999999999952,0,1,0,0
30.87999999999952,0,1,0,0
30.91999999999952,0,1,0,0
30.959999999999518,0,1,0,0
30.999999999999517,0,1,0,0
31.039999999999516,0,1,0,0
31.079999999999515,0,1,0,0
31.119999999999514,0,1,0,0
31.159999999999513,0,1,0,0
31.199999999999513,0,1,0,0
31.23999999999951,0,1,0,0
31.27999999999951,0,1,0,0
31.31999999999951,0,1,0,0
31.35999999999951,0,1,0,0
31.39999999999951,0,1,0,0
31.439999999999507,0,1,0,0
31.479999999999507,0,1,0,0
31.519999999999506,0,1,0,0
31.559999999999505,0,1,0,0
31.599999999999504,0,1,0,0
31.639999999999503,0,1,0,0
31.679999999999502,1,0,0,0
31.7199999999995,1,0,0,0
31.7599999999995,1,0,0,0
31.7999999999995,1,0,0,0
31.8399999999995,1,0,0,0
31.879999999999498,1,0,0,0
31.919999999999497,1,0,0,0
31.959999999999496,1,0,0,0
31.999999999999496,1,0,0,0
32.039999999999495,1,0,0,0
32.079999999999494,1,0,0,0
32.11999999999949,1,0,0,0
32.15999999999949,1,0,0,0
32.19999999999949,0,1,0,0
32.23999999999949,0,1,0,0
32.27999999999949,0,1,0,0
32.31999999999949,0,1,0,0
32.35999999999949,0,1,0,0
32.39999999999949,0,0,1,0
32.439999999999486,0,0,1,0
32.479999999999485,0,0,1,0
32.519999999999484,0,0,1,0
32.559999999999484,0,0,1,0
32.59999999999948,0,0,1,0
32.63999999999948,0,0,1,0
32.67999999999948,0,0,1,0
32.71999999999948,0,0,1,0
32.75999999999948,0,0,1,0
32.79999999999948,0,1,0,0
32.83999999999948,0,1,0,0
32.87999999999948,0,1,0,0
32.919999999999476,0,1,0,0
32.959999999999475,0,1,0,0
32.999999999999474,0,1,0,0
33.03999999999947,0,1,0,0
33.07999999999947,0,1,0,0
33.11999999999947,1,0,0,0
33.15999999999947,1,0,0,0
33.19999999999947,1,0,0,0
33.23999999999947,1,0,0,0
33.27999999999947,1,0,0,0
33.31999999999947,1,0,0,0
33.35999999999947,1,0,0,0
33.399999999999466,1,0,0,0
33.439999999999465,1,0,0,0
33.479999999999464,1,0,0,0
33.51999999999946,1,0,0,0
33.55999999999946,1,0,0,0
33.59999999999946,1,0,0,0
33.63999999999946,1,0,0,0
33.67999999999946,1,0,0,0
33.71999999999946,1,0,0,0
33.75999999999946,1,0,0,0
33.79999999999946,1,0,0,0
33.839999999999456,1,0,0,0
33.879999999999455,1,0,0,0
33.919999999999455,1,0,0,0
33.959999999999454,1,0,0,0
33.99999999999945,1,0,0,0
34.03999999999945,1,0,0,0
34.07999999999945,1,0,0,0
34.11999999999945,1,0,0,0
34.15999999999945,1,0,0,0
34.19999999999945,1,0,0,0
34.23999999999945,1,0,0,0
34.27999999999945,1,0,0,0
34.319999999999446,1,0,0,0
34.359999999999445,1,0,0,0
34.399999999999444,1,0,0,0
34.43999999999944,1,0,0,0
34.47999999999944,1,0,0,0
34.51999999999944,1,0,0,0
34.55999999999944,1,0,0,0
34.59999999999944,1,0,0,0
34.63999999999944,0,1,0,0
34.67999999999944,0,1,0,0
34.71999999999944,0,1,0,0
34.75999999999944,0,1,0,0
34.799999999999436,0,1,0,0
34.839999999999435,0,1,0,0
34.879999999999434,0,1,0,0
34.91999999999943,0,1,0,0
34.95999999999943,0,1,0,0
34.99999999999943,0,0,1,0
35.03999999999943,0,0,1,0
35.07999999999943,0,0,1,0
35.11999999999943,0,0,1,0
35.15999999999943,0,0,1,0
35.19999999999943,0,0,1,0
35.23999999999943,0,0,1,0
35.279999999999426,0,0,1,0
35.319999999999425,0,1,0,0
35.359999999999424,0,1,0,0
35.39999999999942,0,1,0,0
35.43999999999942,0,1,0,0
35.47999999999942,0,1,0,0
35.51999999999942,0,1,0,0
35.55999999999942,0,1,0,0
35.59999999999942,0,1,0,0
35.63999999999942,0,1,0,0
35.67999999999942,0,1,0,0
35.719999999999416,0,1,0,0
35.759999999999415,1,0,0,0
35.799999999999415,1,0,0,0
35.839999999999414,1,0,0,0
35.87999999999941,1,0,0,0
35.91999999999941,1,0,0,0
35.95999999999941,0,0,0,1
35.99999999999941,0,0,0,1
36.03999999999941,0,0,0,1
36.07999999999941,0,0,0,1
36.11999999999941,0,0,0,1
36.15999999999941,0,0,0,1
36.199999999999406,0,0,0,1
36.239999999999405,0,0,0,1
36.279999999999404,0,0,0,1
36.3199999999994,0,0,0,1
36.3599999999994,0,0,0,1
36.3999999999994,0,0,0,1
36.4399999999994,0,0,0,1
36.4799999999994,0,0,0,1
36.5199999999994,0,0,0,1
36.5599999999994,0,0,0,1
36.5999999999994,0,0,0,1
36.6399999999994,0,0,0,1
36.679999999999396,0,0,0,1
36.719999999999395,1,0,0,0
36.759999999999394,1,0,0,0
36.79999999999939,1,0,0,0
36.83999999999939,1,0,0,0
36.87999999999939,1,0,0,0
36.91999999999939,1,0,0,0
36.95999999999939,1,0,0,0
36.99999999999939,1,0,0,0
37.03999999999939,1,0,0,0
37.07999999999939,1,0,0,0
37.119999999999386,0,1,0,0
37.159999999999386,0,1,0,0
37.199999999999385,0,1,0,0
37.239999999999384,0,1,0,0
37.27999999999938,0,1,0,0
37.31999999999938,0,1,0,0
37.35999999999938,0,1,0,0
37.39999999999938,0,1,0,0
37.43999999999938,0,1,0,0
37.47999999999938,1,0,0,0
37.51999999999938,0,1,0,0
37.55999999999938,0,1,0,0
37.599999999999376,0,1,0,0
37.639999999999375,0,0,1,0
37.679999999999374,0,0,1,0
37.719999999999374,0,0,1,0
37.75999999999937,0,0,1,0
37.79999999999937,0,0,1,0
37.83999999999937,0,1,0,0
37.87999999999937,0,1,0,0
37.91999999999937,0,1,0,0
37.95999999999937,0,1,0,0
37.99999999999937,1,0,0,0
38.03999999999937,1,0,0,0
38.079999999999366,1,0,0,0
38.119999999999365,1,0,0,0
38.159999999999364,1,0,0,0
38.19999999999936,1,0,0,0
38.23999999999936,1,0,0,0
38.27999999999936,1,0,0,0
38.31999999999936,1,0,0,0
38.35999999999936,1,0,0,0
38.39999999999936,1,0,0,0
38.43999999999936,1,0,0,0
38.47999999999936,0,0,0,1
38.51999999999936,0,0,0,1
38.559999999999356,0,0,0,1
38.599999999999355,0,0,0,1
38.639999999999354,0,0,0,1
38.67999999999935,0,0,0,1
38.71999999999935,0,0,0,1
38.75999999999935,0,0,0,1
38.79999999999935,0,0,0,1
38.83999999999935,0,0,0,1
38.87999999999935,0,0,0,1
38.91999999999935,0,0,0,1
38.95999999999935,0,0,0,1
38.999999999999346,0,0,0,1
39.039999999999345,0,0,0,1
39.079999999999345,0,0,0,1
39.119999999999344,0,0,0,1
39.15999999999934,0,0,0,1
39.19999999999934,0,0,0,1
39.23999999999934,0,0,0,1
39.27999999999934,0,0,0,1
39.31999999999934,0,0,0,1
39.35999999999934,0,1,0,0
39.39999999999934,0,1,0,0
39.43999999999934,0,1,0,0
39.479999999999336,0,1,0,0
39.519999999999335,0,1,0,0
39.559999999999334,0,1,0,0
39.59999999999933,0,1,0,0
39.63999999999933,0,1,0,0
39.67999999999933,0,1,0,0
39.71999999999933,0,1,0,0
39.75999999999933,0,1,0,0
39.79999999999933,0,1,0,0
39.83999999999933,0,1,0,0
39.87999999999933,0,1,0,0
39.91999999999933,0,1,0,0
39.959999999999326,0,1,0,0
39.999999999999325,0,1,0,0
40.039999999999324,0,1,0,0
40.07999999999932,0,1,0,0
40.11999999999932,0,1,0,0
40.15999999999932,0,1,0,0
40.19999999999932,0,1,0,0
40.23999999999932,0,1,0,0
40.27999999999932,0,1,0,0
40.31999999999932,0,1,0,0
40.35999999999932,0,1,0,0
40.39999999999932,0,1,0,0
40.439999999999316,0,1,0,0
40.479999999999315,0,1,0,0
40.519999999999314,0,1,0,0
40.55999999999931,0,1,0,0
40.59999999999931,0,1,0,0
40.63999999999931,1,0,0,0
40.67999999999931,1,0,0,0
40.71999999999931,1,0,0,0
40.75999999999931,1,0,0,0
40.79999999999931,1,0,0,0
40.83999999999931,1,0,0,0
40.879999999999306,1,0,0,0
40.919999999999305,1,0,0,0
40.959999999999305,1,0,0,0
40.999999999999304,0,0,0,1
41.0399999999993,0,0,0,1
41.0799999999993,0,0,0,1
41.1199999999993,0,0,0,1
41.1599999999993,0,0,0,1
41.1999999999993,0,0,0,1
41.2399999999993,0,0,0,1
41.2799999999993,0,0,0,1
41.3199999999993,0,0,0,1
41.359999999999296,0,0,0,1
41.399999999999295,0,0,0,1
41.439999999999294,0,0,0,1
41.47999999999929,0,0,0,1
41.51999999999929,0,0,0,1
41.55999999999929,0,0,0,1
41.59999999999929,0,0,0,1
41.63999999999929,0,0,0,1
41.67999999999929,0,0,0,1
41.71999999999929,0,0,0,1
41.75999999999929,0,0,0,1
41.79999999999929,0,0,0,1
41.839999999999286,0,0,0,1
41.879999999999285,0,0,0,1
41.919999999999284,0,0,0,1
41.95999999999928,0,0,0,1
41.99999999999928,0,0,0,1
42.03999999999928,0,0,0,1
42.07999999999928,0,0,0,1
42.11999999999928,0,0,0,1
42.15999999999928,0,0,0,1
42.19999999999928,0,0,0,1
42.23999999999928,0,0,0,1
42.279999999999276,0,0,0,1
42.319999999999276,0,0,0,1
42.359999999999275,0,0,0,1
42.399999999999274,0,0,0,1
42.43999999999927,0,0,0,1
42.47999999999927,0,0,0,1
42.51999999999927,0,0,0,1
42.55999999999927,0,1,0,0
42.59999999999927,0,1,0,0
42.63999999999927,0,1,0,0
42.67999999999927,0,1,0,0
42.71999999999927,0,1,0,0
42.759999999999266,0,1,0,0
42.799999999999265,0,1,0,0
42.839999999999264,0,0,1,0
42.879999999999264,0,0,1,0
42.91999999999926,0,0,1,0
42.95999999999926,0,0,1,0
42.99999999999926,0,0,1,0
43.03999999999926,0,0,1,0
43.07999999999926,0,0,1,0
43.11999999999926,0,0,1,0
43.15999999999926,0,1,0,0
43.19999999999926,0,1,0,0
43.239999999999256,0,1,0,0
43.279999999999255,0,1,0,0
43.319999999999254,0,1,0,0
43.35999999999925,1,0,0,0
43.39999999999925,1,0,0,0
43.43999999999925,1,0,0,0
43.47999999999925,1,0,0,0
43.51999999999925,1,0,0,0
43.55999999999925,1,0,0,0
43.59999999999925,1,0,0,0
43.63999999999925,1,0,0,0
43.67999999999925,1,0,0,0
43.719999999999246,1,0,0,0
43.759999999999245,1,0,0,0
43.799999999999244,1,0,0,0
43.83999999999924,1,0,0,0
43.87999999999924,1,0,0,0
43.91999999999924,1,0,0,0
43.95999999999924,1,0,0,0
43.99999999999924,1,0,0,0
44.03999999999924,1,0,0,0
44.07999999999924,1,0,0,0
44.11999999999924,0,0,0,1
44.159999999999236,0,0,0,1
44.199999999999235,0,0,0,1
44.239999999999235,0,0,0,1
44.279999999999234,0,0,0,1
44.31999999999923,0,0,0,1
44.35999999999923,0,0,0,1
44.39999999999923,0,0,0,1
44.43999999999923,0,0,0,1
44.47999999999923,0,0,0,1
44.51999999999923,0,0,0,1
44.55999999999923,0,0,0,1
44.59999999999923,0,0,0,1
44.639999999999226,0,1,0,0
44.679999999999225,0,1,0,0
44.719999999999224,0,1,0,0
44.75999999999922,0,1,0,0
44.79999999999922,0,1,0,0
44.83999999999922,0,1,0,0
44.87999999999922,0,1,0,0
44.91999999999922,0,1,0,0
44.95999999999922,0,1,0,0
44.99999999999922,0,1,0,0
45.03999999999922,0,1,0,0
45.07999999999922,0,1,0,0
45.119999999999216,0,1,0,0
45.159999999999215,0,1,0,0
45.199999999999214,0,1,0,0
45.23999999999921,0,1,0,0
45.27999999999921,0,1,0,0
45.31999999999921,0,1,0,0
45.35999999999921,0,1,0,0
45.39999999999921,0,1,0,0
45.43999999999921,0,1,0,0
45.47999999999921,0,1,0,0
45.51999999999921,0,0,1,0
45.55999999999921,0,0,1,0
45.599999999999206,0,0,1,0
45.639999999999205,0,0,1,0
45.679999999999204,0,0,1,0
45.7199999999992,0,0,1,0
45.7599999999992,0,0,1,0
45.7999999999992,0,0,1,0
45.8399999999992,0,0,1,0
45.8799999999992,0,0,1,0
45.9199999999992,0,0,1,0
45.9599999999992,0,0,1,0
45.9999999999992,1,0,0,0
46.039999999999196,1,0,0,0
46.079999999999195,1,0,0,0
46.1199999999992,1,0,0,0
46.1599999999992,1,0,0,0
46.1999999999992,1,0,0,0
46.2399999999992,1,0,0,0
46.2799999999992,1,0,0,0
46.3199999999992,1,0,0,0
46.3599999999992,1,0,0,0
46.399999999999196,1,0,0,0
46.439999999999195,1,0,0,0
46.479999999999194,1,0,0,0
46.51999999999919,1,0,0,0
46.55999999999919,1,0,0,0
46.59999999999919,1,0,0,0
46.63999999999919,0,0,1,0
46.67999999999919,0,0,1,0
46.71999999999919,0,0,1,0
46.75999999999919,0,0,1,0
46.79999999999919,0,0,1,0
46.839999999999186,0,0,1,0
46.879999999999185,0,1,0,0
46.919999999999185,0,1,0,0
46.959999999999184,0,1,0,0
46.99999999999918,0,1,0,0
47.03999999999918,0,1,0,0
47.07999999999918,0,1,0,0
47.11999999999918,0,1,0,0
47.15999999999918,0,1,0,0
47.19999999999918,0,1,0,0
47.23999999999918,0,1,0,0
47.27999999999918,0,1,0,0
47.319999999999176,0,0,1,0
47.359999999999175,0,0,1,0
47.399999999999174,0,0,1,0
47.43999999999917,0,0,1,0
47.47999999999917,0,0,1,0
47.51999999999917,0,0,1,0
47.55999999999917,0,0,1,0
47.59999999999917,0,0,1,0
47.63999999999917,0,0,1,0
47.67999999999917,0,0,1,0
47.71999999999917,0,0,1,0
47.75999999999917,0,0,1,0
47.799999999999166,0,0,1,0
47.839999999999165,0,0,1,0
47.879999999999164,0,0,1,0
47.91999999999916,0,0,1,0
47.95999999999916,0,0,0,1
47.99999999999916,0,0,0,1
48.03999999999916,0,0,0,1
48.07999999999916,0,0,0,1
48.11999999999916,0,0,0,1
48.15999999999916,0,0,0,1
48.19999999999916,0,0,0,1
48.239999999999156,0,0,0,1
48.279999999999156,0,0,0,1
48.319999999999155,0,0,0,1
48.359999999999154,1,0,0,0
48.39999999999915,1,0,0,0
48.43999999999915,1,0,0,0
48.47999999999915,1,0,0,0
48.51999999999915,1,0,0,0
48.55999999999915,1,0,0,0
48.59999999999915,1,0,0,0
48.63999999999915,1,0,0,0
48.67999999999915,1,0,0,0
48.719999999999146,1,0,0,0
48.759999999999145,1,0,0,0
48.799999999999145,1,0,0,0
48.839999999999144,1,0,0,0
48.87999999999914,1,0,0,0
48.91999999999914,1,0,0,0
48.95999999999914,1,0,0,0
48.99999999999914,0,1,0,0
49.03999999999914,0,1,0,0
49.07999999999914,0,1,0,0
49.11999999999914,0,0,0,1
49.15999999999914,0,0,0,1
49.199999999999136,0,0,0,1
49.239999999999135,0,0,0,1
49.279999999999134,0,0,0,1
49.31999999999913,0,0,0,1
49.35999999999913,0,0,0,1
49.39999999999913,0,0,0,1
49.43999999999913,0,0,0,1
49.47999999999913,0,0,0,1
49.51999999999913,0,0,0,1
49.55999999999913,0,0,0,1
49.59999999999913,0,0,0,1
49.63999999999913,0,0,0,1
49.679999999999126,0,0,0,1
49.719999999999125,0,0,0,1
49.759999999999124,0,0,0,1
49.79999999999912,0,0,0,1
49.83999999999912,0,0,0,1
49.87999999999912,0,0,0,1
49.91999999999912,0,0,0,1
49.95999999999912,0,0,0,1
49.99999999999912,0,0,0,1
50.03999999999912,0,0,0,1
50.07999999999912,0,0,0,1
50.119999999999116,0,0,0,1
50.159999999999116,0,0,0,1
50.199999999999115,0,0,0,1
50.239999999999114,0,0,0,1
50.27999999999911,0,0,0,1
50.31999999999911,0,0,0,1
50.35999999999911,0,0,0,1
50.39999999999911,0,0,0,1
50.43999999999911,0,0,0,1
50.47999999999911,0,0,0,1
50.51999999999911,0,0,0,1
50.55999999999911,0,0,0,1
50.599999999999106,1,0,0,0
50.639999999999105,1,0,0,0
50.679999999999104,1,0,0,0
50.719999999999104,1,0,0,0
50.7599999999991,1,0,0,0
50.7999999999991,1,0,0,0
50.8399999999991,1,0,0,0
50.8799999999991,1,0,0,0
50.9199999999991,1,0,0,0
50.9599999999991,1,0,0,0
50.9999999999991,1,0,0,0
51.0399999999991,1,0,0,0
51.079999999999096,1,0,0,0
51.119999999999095,1,0,0,0
51.159999999999094,1,0,0,0
51.19999999999909,1,0,0,0
51.23999999999909,1,0,0,0
51.27999999999909,1,0,0,0
51.31999999999909,1,0,0,0
51.35999999999909,0,1,0,0
51.39999999999909,0,1,0,0
51.43999999999909,0,1,0,0
51.47999999999909,0,1,0,0
51.51999999999909,0,1,0,0
51.559999999999086,0,1,0,0
51.599999999999085,0,1,0,0
51.639999999999084,0,1,0,0
51.67999999999908,0,1,0,0
51.71999999999908,0,1,0,0
51.75999999999908,0,1,0,0
51.79999999999908,0,1,0,0
51.83999999999908,0,1,0,0
51.87999999999908,0,1,0,0
51.91999999999908,0,1,0,0
51.95999999999908,0,1,0,0
51.999999999999076,0,1,0,0
52.039999999999075,0,1,0,0
52.079999999999075,0,0,0,1
52.119999999999074,0,0,0,1
52.15999999999907,0,0,0,1
52.19999999999907,0,0,0,1
52.23999999999907,0,0,0,1
52.27999999999907,0,0,0,1
52.31999999999907,0,0,0,1
52.35999999999907,0,0,0,1
52.39999999999907,0,0,0,1
52.43999999999907,0,0,0,1
52.479999999999066,0,0,0,1
52.519999999999065,0,0,0,1
52.559999999999064,0,0,1,0
52.59999999999906,0,0,1,0
52.63999999999906,0,0,1,0
52.67999999999906,0,0,1,0
52.71999999999906,0,0,1,0
52.75999999999906,0,0,1,0
52.79999999999906,0,0,1,0
52.83999999999906,0,1,0,0
52.87999999999906,0,1,0,0
52.91999999999906,0,1,0,0
52.959999999999056,0,1,0,0
52.999999999999055,0,1,0,0
53.039999999999054,0,1,0,0
53.07999999999905,0,1,0,0
53.11999999999905,0,1,0,0
53.15999999999905,0,1,0,0
53.19999999999905,0,1,0,0
53.23999999999905,0,1,0,0
53.27999999999905,0,1,0,0
53.31999999999905,0,1,0,0
53.35999999999905,0,1,0,0
53.39999999999905,0,1,0,0
53.439999999999046,0,1,0,0
53.479999999999045,0,1,0,0
53.519999999999044,0,1,0,0
53.55999999999904,0,1,0,0
53.59999999999904,0,1,0,0
53.63999999999904,0,1,0,0
53.67999999999904,0,1,0,0
53.71999999999904,0,1,0,0
53.75999999999904,0,1,0,0
